
USE `herp`;

-- Staff Types Data [Don't Change] --

INSERT INTO `staff_type` (`id`, `type`, `description`, `created_on`, `updated_on`, `status`, `user_code`) VALUES
(1, 'Admin', '', 1448521108, 1449648140, 'A', 1),
(2, 'Hospital Supervisor', '', 1448521108, 1449648172, 'A', 2),
(3, 'Receptionist', '', 1448521108, 1449648203, 'A', 3),
(4, 'Nurse', '', 1448521108, 1448624756, 'A', 4),
(5, 'Consultant', '', 1448521108, 1448627257, 'A', 5),
(6, 'Pathologist', '', 1448521108, 1449648424, 'A', 6),
(7, 'Billing Operator', '', 1448521108, 1449648444, 'A', 7),
(8, 'Pharmacist', '', 1448521108, 1449648463, 'A', 8),
(9, 'Canteen Manager', '', 1448521108, 1449648488, 'A', 9),
(10, 'Store Manager', '', 1448521108, 1449648504, 'A', 10),
(11, 'HR', '', 1448521108, 1449648520, 'A', 11),
(12, 'Accountant', '', 1448521108, 1449648564, 'A', 13),
(13, 'Surgeon', NULL, 0, 0, 'A', 12),
(14, 'Anesthesian', NULL, 0, 0, 'A', 12);

-- Admin User --
INSERT INTO `users` (`user_id`, `first_name`, `last_name`, `gender`, `martial_status`, `dob`, `address`, `country_id`, `state_id`, `city_id`, `zip`, `mobile`, `phone`, `email_id`, `joining_date`, `emergency_name`, `emergency_contact`, `referred_by`, `staff_type_id`, `created_on`, `updated_on`, `id_proof_type`, `id_proof_num`, `degree_held`, `remarks`, `images_path`, `password`, `salt`, `salutation`, `status`) VALUES
(1, 'qexon1367521328', 'Admin', 'Admin', 'M', 'U', '2015-11-05', 'C-56,Sec-8,noida', 101, 256, 5071, '201301', '8468060000', '', 'subodh@qexon.com', '2015-11-19', '', '', '', 1, 2147483647, 1456722018, NULL, NULL, 11, 'MS', 6, '', 'bfcaed1456722018.jpg', '$2y$10$52.gGjNz9qwDxkeb/9Ue4eiWWLWY9mrD5ntrLay1oQzbqaVoH9MxW', NULL, 'Mr.', 'A'),
(2, 'qexon1675636788', 'mahesh', 'thakoor', 'M', 'U', '1991-07-10', 'Delhi phase -2', 94, 1845, 25190, '99983773', '9988838300', '0099883736545', 'mahesh@mail.com', '2016-01-05', '', '999884848484', 'shashank', 2, 1451885329, 1457436105, NULL, NULL, 9, 'MSD', 6, 'testing at 4-1', 'default.jpg', '$2y$10$52.gGjNz9qwDxkeb/9Ue4eiWWLWY9mrD5ntrLay1oQzbqaVoH9MxW', NULL, 'Mr.', 'A'),
(3, 'qexon970150910', 'anjana', 'mittal', 'F', 'U', '1989-02-14', 'noida -8 c-56,delhi', 183, 3329, 41733, '888347', '9998480000', '9998831111', 'amy@gmail.com', '2016-01-05', '', '8888747464', 'abhishek', 5, 1451885731, 1456720599, NULL, NULL, 12, 'Ms', 6, 'testing at 4jan. ', 'default.jpg', '$2y$10$52.gGjNz9qwDxkeb/9Ue4eiWWLWY9mrD5ntrLay1oQzbqaVoH9MxW', NULL, 'Mrs.', 'A'),
(4, 'qexon614794924', 'raashi', 'khanna', 'F', 'U', '1990-04-05', 'munger bihar', 83, 1655, 24785, '998877', '9988373444', '778874647483', 'raashi@mail.com', '2016-01-07', '', '', 'rupesh', 5, 1452147756, 1454483029, NULL, NULL, 12, 'MS', 11, '', 'default.jpg', '$2y$2y$10$52.gGjNz9qwDxkeb/9Ue4eiWWLWY9mrD5ntrLay1oQzbqaVoH9MxW', NULL, 'Mrs.', 'A'),
(5, 'qexon1422567201', 'rohit', 'Mehra', 'M', 'M', '1980-03-06', 'Jhariya dhanbad', 86, 1727, 24966, '7665556', '88928811111', '99984844444', 'rohit@mail.com', '2016-01-05', 'abhi', '999000099000', 'abhishek', 6, 1452334806, 1454563226, NULL, NULL, 10, '', 11, 'tested on 4th of Feb', 'default.jpg', '$2y$10$52.gGjNz9qwDxkeb/9Ue4eiWWLWY9mrD5ntrLay1oQzbqaVoH9MxW', NULL, 'Mr.', 'A'),
(6, 'qexon1902035313', 'raj', 'khanna', 'M', 'M', '1980-02-06', 'test-11', 75, 1440, 21490, '23454', '99884842222', '', 'raj@mail.com', '1972-03-09', '', '', '', 5, 1452502608, 1456572984, NULL, NULL, 11, 'MS', 6, '', 'default.jpg', '$2y$10$52.gGjNz9qwDxkeb/9Ue4eiWWLWY9mrD5ntrLay1oQzbqaVoH9MxW', NULL, 'Mr.', 'A'),
(7, 'qexon90065748', 'rehana', 'khan', 'M', 'M', '2000-02-02', 'delhi, uttamnager', 96, 1862, 52452, '88867666-1', '99988858696', '9995888555', 'rehana@mail.com', '2016-01-07', '', '', 'ashutosh', 4, 1452753111, 1454564114, NULL, NULL, 17, 'MD', 6, '', 'default.jpg', '$2y$10$52.gGjNz9qwDxkeb/9Ue4eiWWLWY9mrD5ntrLay1oQzbqaVoH9MxW', NULL, 'Mrs.', 'A'),
(8, 'qexon1154852799', 'manoj', 'kumar', 'M', 'U', '2016-01-20', 'delhi-6', 3, 362, 10473, '999483', '9984844894994', '', 'manoj@mail.com', '2016-01-20', '', '', '', 5, 1452776873, 1454675401, NULL, NULL, 9, '', 7, '', 'default.jpg', '$2y$10$52.gGjNz9qwDxkeb/9Ue4eiWWLWY9mrD5ntrLay1oQzbqaVoH9MxW', NULL, 'Mrs.', 'A'),
(9, 'qexon326151088', 'divaker', 'sharma', 'M', 'M', '1990-06-07', 'noida', 8, 441, 52779, 'r54544', '99848894000', '', 'divaker@mail.com', '2016-01-05', '', '', '', 7, 1452935767, 1455629311, NULL, NULL, 13, '', 15, '', 'default.jpg', '$2y$10$52.gGjNz9qwDxkeb/9Ue4eiWWLWY9mrD5ntrLay1oQzbqaVoH9MxW', NULL, 'Mr.', 'A'),
(10, 'qexon43122500', 'neha-1', 'dhopiya-1', 'F', 'U', '2000-06-07', 'patna', 202, 3490, 42459, '84858', '998585855000', '', 'neha@mail.com', '2016-06-06', '', '', '', 3, 1452938894, 1454905232, NULL, NULL, 19, '', 11, '', 'default.jpg', '$2y$10$52.gGjNz9qwDxkeb/9Ue4eiWWLWY9mrD5ntrLay1oQzbqaVoH9MxW', NULL, 'Mrs.', 'A'),
(11, 'qexon2124725637', 'ridhima', 'sharma', 'F', 'U', '2000-06-08', 'okhala', 108, 2155, 52391, '8884844', '9988494833', '', 'ridhima@mail.com', '2016-01-17', '', '', '', 11, 1452939474, 1453364751, NULL, NULL, 22, '', 11, '', 'default.jpg', '$2y$10$52.gGjNz9qwDxkeb/9Ue4eiWWLWY9mrD5ntrLay1oQzbqaVoH9MxW', NULL, 'Mrs.', 'A'),
(12, 'qexon1625896188', 'nitish', 'ahooja', 'M', 'M', '1985-07-10', 'mathura, up', 101, 284, 9327, '9989875', '99384948950', '998488998494', 'nitish@mail.com', '2016-01-13', 'abhishek', '988873899099', 'raashi', 5, 1453297227, 1453297397, NULL, NULL, 27, 'MS', 11, 'Tested on 20 January', 'default.jpg', '$2y$10$52.gGjNz9qwDxkeb/9Ue4eiWWLWY9mrD5ntrLay1oQzbqaVoH9MxW', NULL, 'Mr.', 'A'),
(13, 'qexon796642598', 'saurabh', 'ganguli', 'M', 'M', '1980-04-04', 'Kolkata, bengal', 124, 2439, 30452, '667373', '9949494949444', '', 'saurabh@mail.com', '2016-01-13', '', '', '', 8, 1453353412, 1453357286, NULL, NULL, 7, '', 10, '', 'default.jpg', '$2y$10$52.gGjNz9qwDxkeb/9Ue4eiWWLWY9mrD5ntrLay1oQzbqaVoH9MxW', NULL, 'Mr.', 'A'),
(14, 'qexon2091233500', 'pankul', 'mittal', 'M', 'U', '2016-01-07', 'karolbagh, delhi', 63, 1270, 19677, '9998837333', '994848484444', '', 'pankul@mail.com', '2016-01-14', '', '', '', 5, 1453699675, 1456720644, NULL, NULL, 20, 'MS', 8, '', 'default.jpg', '$2y$10$52.gGjNz9qwDxkeb/9Ue4eiWWLWY9mrD5ntrLay1oQzbqaVoH9MxW', NULL, 'Mr.', 'A'),
(15, 'herp1184946511', 'akshay', 'kumar', 'M', 'M', '1980-03-05', 'mumbai,warli', 132, 2558, 31335, '7778484', '567876778800', '737744747484', 'akshay@mail.com', '2016-01-21', 'tushar', '56464743333', 'kamesh', 7, 1453869908, 1453870135, NULL, NULL, 14, 'MS', 12, 'tested 27 january', 'default.jpg', '$2y$10$52.gGjNz9qwDxkeb/9Ue4eiWWLWY9mrD5ntrLay1oQzbqaVoH9MxW', NULL, 'Mrs.', 'A'),
(16, 'herp1935765744', 'manish', 'ranjan', 'M', 'M', '1981-07-09', 'Dehradoon,Uttarakhand', 101, 285, 9601, '888875', '99859585899', '77875858585', 'manish@mail.com', '2016-01-01', '', '', 'kamesh', 5, 1454054675, 1454389834, NULL, NULL, 9, 'MS', 9, '', 'default.jpg', '$2y$10$52.gGjNz9qwDxkeb/9Ue4eiWWLWY9mrD5ntrLay1oQzbqaVoH9MxW', NULL, 'Mr.', 'A'),
(17, 'herp1234748881', 'salini', 'agarwal', 'F', 'U', '2000-02-02', 'jahanabad', 90, 1775, 25109, '9999494944444', '948848494999', '', 'salini@mail.com', '2016-02-02', '', '', '', 5, 1454306532, 1454408513, NULL, NULL, 10, 'MS', 4, '', 'default.jpg', '$2y$10$52.gGjNz9qwDxkeb/9Ue4eiWWLWY9mrD5ntrLay1oQzbqaVoH9MxW', NULL, 'Mr.', 'A'),
(18, 'herp1770529634', 'anuradha', 'podwal', 'F', 'M', '1990-02-28', 'govindpuri', 162, 2930, 35517, '4777444', '9999380000', '', 'anu@mail.com', '2016-02-02', '', '', '', 2, 1454486818, 1454487484, NULL, NULL, 16, 'MS', 5, '', 'default.jpg', '$2y$10$52.gGjNz9qwDxkeb/9Ue4eiWWLWY9mrD5ntrLay1oQzbqaVoH9MxW', NULL, 'Mrs.', 'A'),
(19, 'herp577071630', 'krishnam', 'kumar', 'M', 'M', '1990-02-06', 'munger', 101, 251, 4916, '56787777', '56789876789', '', 'krishnam@mail.com', '2016-02-04', '', '', '', 10, 1454906841, 1454906841, NULL, NULL, 24, 'Graduate', 6, '', 'default.jpg', '$2y$10$52.gGjNz9qwDxkeb/9Ue4eiWWLWY9mrD5ntrLay1oQzbqaVoH9MxW', NULL, 'Mrs.', 'A'),
(20, 'herp867856907', 'faisal', 'khan', 'M', '', '1990-02-07', 'waseypur,dhanbad', 103, 1961, 26059, '79888484', '699696000688', '', 'faisal@mail.com', '2016-02-02', '', '', '', 12, 1454942255, 1454942255, NULL, NULL, 9, '', 6, '', 'default.jpg', '$2y$10$52.gGjNz9qwDxkeb/9Ue4eiWWLWY9mrD5ntrLay1oQzbqaVoH9MxW', NULL, 'Dr.', 'A'),
(21, 'herp1960542872', 'saurabh', 'Verma', 'M', 'M', '1980-03-05', 'delhi', 100, 1909, 52438, '8383838', '93983839333', '', 'saurbh1@mail.com', '2016-02-10', 'ankur', '83774487474', '', 6, 1455606613, 1455607086, NULL, NULL, 19, 'MS', 11, 'tested on 16 Feb', 'default.jpg', '$2y$10$52.gGjNz9qwDxkeb/9Ue4eiWWLWY9mrD5ntrLay1oQzbqaVoH9MxW', NULL, 'Mr.', 'A'),
(22, 'herp365639269', 'archana', 'singh', 'F', 'U', '1990-02-06', 'sarai kale khan', 101, 254, 5068, '83883839', '939939333380', '9938339930', 'archana@mail.com', '2016-02-26', '', '', 'abhishek', 7, 1456475816, 1456476140, NULL, NULL, 13, 'M. Com', 10, '', 'default.jpg', '$2y$10$52.gGjNz9qwDxkeb/9Ue4eiWWLWY9mrD5ntrLay1oQzbqaVoH9MxW', NULL, 'Ms.', 'A'),
(23, 'herp320868051', 'ravi', 'dimman', 'M', 'U', '1981-03-04', 'kurukhetra', 113, 2253, 29872, '88585685', '09858759875', '7478468746544', 'ravi@mail.com', '2016-03-16', '', '99868686695', 'sanyam', 8, 1458116404, 1458116404, NULL, NULL, 12, 'MSD', 10, 'Tested on 16th march', 'cedfba1458116404.jpg', '$2y$10$52.gGjNz9qwDxkeb/9Ue4eiWWLWY9mrD5ntrLay1oQzbqaVoH9MxW', NULL, 'Mr.', 'A');

-- Visit Type Data [Don't Change] --
INSERT INTO `visit_type` (`type`, `description`, `created_on`, `updated_on`, `created_by`, `updated_by`, `status`) VALUES
('New OPD', '', 1448513864, 1449227831, 1, 1, 'A'),
('Follow Up OPD', '', 1448513878, 1448862861, 1, 1, 'A'),
('Emergency Case', '', 1448515472, 1449227912, 1, 1, 'A'),
('Self Request', '', 1448515472, 1449227912, 1, 1, 'A');


SET SQL_MODE = "NO_AUTO_VALUE_ON_ZERO";
SET time_zone = "+00:00";



--
-- Dumping data for table `pages`
--
INSERT INTO `pages` (`id`, `screen_name`, `screen_load_url`, `parent_menu_id`) VALUES
	(1, 'Configuration', 'configuration_dashboard.html', 0),
	(2, 'Set Up', '', 1),
	(3, 'Hospital Setup', '', 2),
	(4, 'Hospital Profile', 'hospital_profile.html', 3),
	(5, 'Departments', 'department.html', 3),
	(6, 'Wards', 'ward.html', 3),
	(7, 'Ward Room Type', 'ward_room_type.html', 3),
	(8, 'Ward Rooms', 'ward_room.html', 3),
	(9, 'Beds', 'bed.html', 3),
	(10, 'Room Type', 'room_type.html', 3),
	(11, 'Rooms', 'room.html', 3),
	(12, 'Staff Setup', '', 2),
	(13, 'Designations', 'designation.html', 12),
	(14, 'Staff Registration', 'staff_registration_form.html', 12),
	(15, 'View Staff', 'view_staff.html', 12),
	(16, 'OPD Setup', '', 2),
	(17, 'OPD Rooms', 'opd_rooms.html', 16),
	(18, 'Diseases Setup', '', 2),
	(19, 'Disease Categories', 'diseasescategories.html', 18),
	(20, 'Diseases List', 'diseases.html', 18),
	(21, 'Allergy Categories', 'allergies_categories.html', 18),
	(22, 'Allergies List', 'allergies.html', 18),
	(23, 'Services Setup', '', 2),
	(24, 'Service Types', 'servicetype.html', 23),
	(25, 'Services List', 'services.html', 23),
	(26, 'Procedures List', 'procedures.html', 23),
	(27, 'Pathological Setup', '', 2),
	(28, 'Specimen Type', 'specimen_type.html', 27),
	(29, 'Labs Setup', '', 27),
	(30, 'Lab Types', 'lab_type.html', 29),
	(31, 'Lab Tests', 'lab_test.html', 29),
	(32, 'Radiology Setup', '', 27),
	(33, 'Radiology Tests', 'radiology_test.html', 32),
	(34, 'Forensic Setup', '', 27),
	(35, 'Forensic Tests', 'forensic_test.html', 34),
	(36, 'Drugs Setup', '', 2),
	(37, 'Drug Categories', 'drug_categories.html', 36),
	(38, 'Drugs List', 'drugs.html', 36),
	(39, 'Front Office', 'front_office_dashboard.html', 0),
	(40, 'Patient Management', 'patient_management_dashboard.html', 39),
	(41, 'View Patients', 'view_patients.html', 40),
	(42, 'View Patient History', 'view_patient_history.html', 40),
	(43, 'Patient Registration', 'patient_registration.html', 40),
	(44, 'Self Request', 'self_request.html', 40),
	(45, 'Patient Service ', 'patient_service.html', 40),
	(46, 'Patient Procedure', 'patient_procedure.html', 40),
	(47, 'OPD Booking', 'opd_dashboard.html', 39),
	(48, 'View OPD Bookings', 'view_visit.html', 47),
	(49, 'OPD Booking', 'opd_reg.html', 47),
	(50, 'Nurse Station', 'triage.html', 56),
	(51, 'Vision Assessment', 'vision_assessment.html', 47),
	(52, 'Settings', '', 1),
	(53, 'Geolocation', 'location_screen.html', 52),
	(54, 'Units', 'units.html', 52),
	(55, 'Configuration', 'configuration.html', 52),
	(56, 'Clinical Support', 'clinical_support_dashboard.html', 0),
	(57, 'Billing', 'billing_dashboard.html', 0),
	(58, 'Cash Payment', 'cash_payment.html', 57),
	(59, 'Supply Chain', 'supply_chain_management_dashboard.html', 0),
	(60, 'Pharmacy', '', 59),
	(61, 'Pharmacy Inventory', 'pharmacy_inventory.html', 60),
	(62, 'Pharmacy Dispense', 'pharmacy_dispense.html', 60),
	(63, 'User Access', '', 12),
	(64, 'Access Management', 'access_management.html', 63),
	(65, 'Doctor\'s Station', 'consultant.html', 56),
	(66, 'Diagnosis Center', '', 56),
	(67, 'View Lab Request', 'view_lab_request.html', 66),
	(68, 'View Radiology Request', 'view_radiology_request.html', 66),
	(69, 'View Forensic Request', 'view_forensic_request.html', 66),
	(70, 'Lab Result', 'lab_result.html', 66),
	(71, 'Radiology Result', 'radiology_result.html', 66),
	(73, 'Staff Schedule', 'schedule_staff.html', 47),
	(74, 'Inventory', '', 59),
	(75, 'Item Category', 'item_category.html', 74),
	(76, 'Appointment', 'appointment_dashboard.html', 47),
	(77, 'Item', 'item.html', 74),
	(78, 'View Order', 'view_orders.html', 74),
	(79, 'Seller', 'seller.html', 74),
	(80, 'Receivers', 'receivers.html', 74),
	(81, 'Place Order', 'put_orders.html', 74),
	(82, 'Stocking', 'stocking.html', 74),
	(83, 'Receive Order', 'receive_order.html', 74),
	(84, 'Issuance', 'issuance.html', 74),
	(85, 'Configure Item Price', 'configure_item_price.html', 74),
	(86, 'View Lab Result ', 'view_lab_result.html', 66),
	(87, 'View Forensic Result ', 'view_forensic_result.html', 66),
	(88, 'View Radiology Result ', 'view_radiology_result.html', 66),
	(89, 'Insurance setup', '', 1),
	(90, 'Insurance Scheme', 'insurance_plan.html', 89),
	(91, 'Insurance Companies', 'insurance_companies.html', 89),
	(93, 'Insurance', 'insurance.html', 89),
	(94, 'Inpatient Administration', 'inpatient_administration_dashboard.html', 0),
	(95, 'Patient Hospitalization', 'patient_hospitalization.html', 94),
	(96, 'Bed Transfer', 'bed_transfer.html', 94),
	(97, 'View Inpatients', 'view_inpatients.html', 94),
	(98, 'Treatments', 'treatments.html', 18),
	(99, 'Discharge Form', 'discharge_form.html', 94),
	(100, 'Add Treatment', 'add_treatment.html', 94),
	(101, 'Activate Appointment', 'activate_appointment.html ', 76),
	(102, 'Investigations', 'investigations.html', 94),
	(103, 'View IPD Lab Request', 'view_ipd_lab_request.html', 94),
	(104, 'View IPD Lab Result', 'view_ipd_lab_result.html', 94),
	(105, 'IPD Lab Result', 'ipd_lab_result.html', 94),
	(106, 'Reports', '', 0),
	(107, 'Department Wise Report', 'department_wise_report.html', 106),
	(108, 'Sales Report', 'sales_report.html', 106),
	(109, 'Out Patient Report', 'out_patient_report.html', 106),
	(110, 'Admitted Patient Report', 'admitted_patient_report.html', 106),
	(111, 'Discharged Patient Report', 'discharged_patient_report.html', 106),
	(112, 'Daily Sales Report', 'daily_sales_report.html', 106),
	(113, 'Doctor Fee Report', 'doctor_fee_report.html', 106),
	(114, 'Acknowledge Reciept Report', 'acknowledge_reciept_report.html', 106),
	(115, 'Account Module', '', 0),
	(116, 'Ledger', 'ledger.html', 115),
	(117, 'View Treatment', 'view_treatments.html', 94),
	(118, 'Back Office Operations', '', 0),
	(119, 'HR & PayRoll', '', 118),
	(120, 'Leave', '', 119),
	(121, 'Configure', '', 120),
	(122, 'Leave Period', 'leave_period.html', 121),
	(123, 'Leave Apply', 'leave_apply.html', 120),
	(124, 'Holidays', 'holidays.html', 121),
	(125, 'Add Entittlements', 'add_entitlements.html', 120),
	(126, 'Attendance', 'attendance.html', 119),
	(127, 'Leave List', 'leave_list.html', 120),
	(128, 'Leave Type', 'leave_type.html', 121),
	(129, 'Transaction Statement', 'transaction_statement.html', 0),
	(130, 'Cash Billing', 'cash.html', 57),
	(131, 'Forensic Result', 'forensic_result.html', 66),
	(132, 'View Entitlements', 'view_entitlements.html', 120),
	(133, 'View Reports', 'view_reports.html', 120),
	(134, 'Review Staff', 'review_staff.html', 119),
	(135, 'View Attendance', 'view_attendance.html', 119),
	(136, 'Patient Appointment Status', 'patient_appointment_status.html', 76),
	(137, 'Pharmacy Request', 'pharmacy_request.html', 60),
	(138, 'Inventory Request', '', 74),
	(140, 'Inventory Response', 'inventory_response.html', 74),
	(141, 'Forensic Item Request', 'forensic_item_request.html', 138),
	(142, 'Radiology Item Request', 'radiology_item_request.html', 138),
	(143, 'Lab Item Request', 'lab_item_request.html', 138),
	(144, 'Copay', 'copay.html', 89),
	(145, 'Return Item', 'return_item.html', 74),
	(146, 'Show Expire Time', 'show_expire.html', 74),
	(147, 'Scheme Plans', 'scheme_plan.html', 89),
	(148, 'Scheme Exclusion', 'scheme_exclusion.html', 89),
	(149, 'Appointment', 'appointment.php', 76),
	(150, 'Insurance Revised Cost', 'insurance_revised_cost.html', 89),
	(151, 'Consultant Report.', NULL, 106),
	(152, 'Consultant Visits Summary', 'consultant_visits_summary.html', 151),
	(153, 'Department wise Consultant OPD Service Summary', 'department_wise_consultant_service.html', 106),
	(154, 'Summary Reports', '', 106),
	(155, 'Department wise Consultant OPD Service Summary', 'department_wise_consultant_service.html', 154),
	(156, 'Consultant wise OPD Service Summary', 'consultant_wise_opd_services.html', 154),
	(157, 'Central Store', NULL, 106),
	(158, 'Stock in Hand Report', 'batch_wise_stock.html', 157),
	(159, 'Admin Leave List', NULL, 120),
	(160, 'Roster Management', 'roster_management.html', 119),
	(161, 'Inventory Payment', 'inventory_payment.html', 74),
	(162, 'Staff Working Days', 'staff_working_days.html', 121),
	(163, 'Insurance Payment', 'insurance_payment.html', 57),
	(164, 'Party Ledger', 'party_ledger.html', 119),
	(165, 'View Staff Attendance', 'staff_attendance.html', 119),
	(166, 'OT Set Up', NULL, 1),
	(167, 'OT Rooms', 'ot_rooms.html', 167),
	(168, 'OT Rooms Availablity', 'ot_rooms_availablity.html', 166),
	(169, 'Surgery', 'surgery.html', 166),
	(170, 'Patient OT Registration', 'patient_ot_reg.html', 166);

--
-- Indexes for dumped tables
--

--
-- Dumping data for table `pages_options`
--

INSERT INTO `pages_options` (`id`, `screen_id`, `user_id`, `view`, `update`, `delete`) VALUES
(1501, 1, 18, 1, 0, 0),
	(1502, 2, 18, 1, 0, 0),
	(1503, 3, 18, 1, 0, 0),
	(1504, 4, 18, 1, 0, 0),
	(1505, 5, 18, 1, 0, 0),
	(1506, 6, 18, 1, 0, 0),
	(1507, 7, 18, 1, 0, 0),
	(1508, 8, 18, 1, 0, 0),
	(1509, 9, 18, 1, 0, 0),
	(1510, 10, 18, 1, 0, 0),
	(1511, 11, 18, 1, 0, 0),
	(1512, 12, 18, 1, 0, 0),
	(1513, 13, 18, 1, 0, 0),
	(1514, 14, 18, 1, 0, 0),
	(1515, 15, 18, 1, 0, 0),
	(1516, 16, 18, 1, 0, 0),
	(1517, 17, 18, 1, 0, 0),
	(1518, 18, 18, 1, 0, 0),
	(1519, 19, 18, 1, 0, 0),
	(1520, 20, 18, 1, 0, 0),
	(1521, 21, 18, 1, 0, 0),
	(1522, 22, 18, 1, 0, 0),
	(1523, 23, 18, 1, 0, 0),
	(1524, 24, 18, 1, 0, 0),
	(1525, 25, 18, 1, 0, 0),
	(1526, 26, 18, 1, 0, 0),
	(1527, 27, 18, 1, 0, 0),
	(1528, 28, 18, 1, 0, 0),
	(1529, 29, 18, 1, 0, 0),
	(1530, 30, 18, 1, 0, 0),
	(1531, 31, 18, 1, 0, 0),
	(1532, 32, 18, 1, 0, 0),
	(1533, 33, 18, 1, 0, 0),
	(1534, 34, 18, 1, 0, 0),
	(1535, 35, 18, 1, 0, 0),
	(1536, 36, 18, 1, 0, 0),
	(1537, 37, 18, 1, 0, 0),
	(1538, 38, 18, 1, 0, 0),
	(1539, 39, 18, 1, 0, 0),
	(1540, 40, 18, 1, 0, 0),
	(1541, 41, 18, 1, 0, 0),
	(1542, 42, 18, 1, 0, 0),
	(1543, 43, 18, 1, 0, 0),
	(1544, 44, 18, 1, 0, 0),
	(1545, 45, 18, 1, 0, 0),
	(1546, 46, 18, 1, 0, 0),
	(1547, 47, 18, 1, 0, 0),
	(1548, 48, 18, 1, 0, 0),
	(1549, 49, 18, 1, 0, 0),
	(1550, 50, 18, 1, 0, 0),
	(1551, 51, 18, 1, 0, 0),
	(1552, 52, 18, 1, 0, 0),
	(1553, 53, 18, 1, 0, 0),
	(1554, 54, 18, 1, 0, 0),
	(1555, 55, 18, 1, 0, 0),
	(1556, 56, 18, 1, 0, 0),
	(1557, 57, 18, 1, 0, 0),
	(1558, 58, 18, 1, 0, 0),
	(1559, 59, 18, 1, 0, 0),
	(1560, 60, 18, 1, 0, 0),
	(1561, 61, 18, 1, 0, 0),
	(1562, 62, 18, 1, 0, 0),
	(1563, 63, 18, 1, 0, 0),
	(1564, 64, 18, 1, 0, 0),
	(1565, 65, 18, 1, 0, 0),
	(1566, 66, 18, 1, 0, 0),
	(1567, 67, 18, 1, 0, 0),
	(1568, 68, 18, 1, 0, 0),
	(1569, 69, 18, 1, 0, 0),
	(1570, 70, 18, 1, 0, 0),
	(1641, 1, 8, 0, 0, 0),
	(1642, 2, 8, 0, 0, 0),
	(1643, 3, 8, 0, 0, 0),
	(1644, 4, 8, 0, 0, 0),
	(1645, 5, 8, 0, 0, 0),
	(1646, 6, 8, 0, 0, 0),
	(1647, 7, 8, 0, 0, 0),
	(1648, 8, 8, 0, 0, 0),
	(1649, 9, 8, 0, 0, 0),
	(1650, 10, 8, 0, 0, 0),
	(1651, 11, 8, 0, 0, 0),
	(1652, 12, 8, 0, 0, 0),
	(1653, 13, 8, 0, 0, 0),
	(1654, 14, 8, 0, 0, 0),
	(1655, 15, 8, 0, 0, 0),
	(1656, 16, 8, 0, 0, 0),
	(1657, 17, 8, 0, 0, 0),
	(1658, 18, 8, 0, 0, 0),
	(1659, 19, 8, 0, 0, 0),
	(1660, 20, 8, 0, 0, 0),
	(1661, 21, 8, 0, 0, 0),
	(1662, 22, 8, 0, 0, 0),
	(1663, 23, 8, 0, 0, 0),
	(1664, 24, 8, 0, 0, 0),
	(1665, 25, 8, 0, 0, 0),
	(1666, 26, 8, 0, 0, 0),
	(1667, 27, 8, 0, 0, 0),
	(1668, 28, 8, 0, 0, 0),
	(1669, 29, 8, 0, 0, 0),
	(1670, 30, 8, 0, 0, 0),
	(1671, 31, 8, 0, 0, 0),
	(1672, 32, 8, 0, 0, 0),
	(1673, 33, 8, 0, 0, 0),
	(1674, 34, 8, 0, 0, 0),
	(1675, 35, 8, 0, 0, 0),
	(1676, 36, 8, 0, 0, 0),
	(1677, 37, 8, 0, 0, 0),
	(1678, 38, 8, 0, 0, 0),
	(1679, 39, 8, 0, 0, 0),
	(1680, 40, 8, 0, 0, 0),
	(1681, 41, 8, 0, 0, 0),
	(1682, 42, 8, 0, 0, 0),
	(1683, 43, 8, 0, 0, 0),
	(1684, 44, 8, 0, 0, 0),
	(1685, 45, 8, 0, 0, 0),
	(1686, 46, 8, 0, 0, 0),
	(1687, 47, 8, 0, 0, 0),
	(1688, 48, 8, 0, 0, 0),
	(1689, 49, 8, 0, 0, 0),
	(1690, 50, 8, 0, 0, 0),
	(1691, 51, 8, 0, 0, 0),
	(1692, 52, 8, 0, 0, 0),
	(1693, 53, 8, 0, 0, 0),
	(1694, 54, 8, 0, 0, 0),
	(1695, 55, 8, 0, 0, 0),
	(1696, 56, 8, 0, 0, 0),
	(1697, 57, 8, 0, 0, 0),
	(1698, 58, 8, 0, 0, 0),
	(1699, 59, 8, 0, 0, 0),
	(1700, 60, 8, 0, 0, 0),
	(1701, 61, 8, 0, 0, 0),
	(1702, 62, 8, 1, 1, 1),
	(1703, 63, 8, 1, 1, 1),
	(1704, 64, 8, 0, 0, 0),
	(1705, 65, 8, 0, 0, 0),
	(1706, 66, 8, 0, 0, 0),
	(1707, 67, 8, 0, 0, 0),
	(1708, 68, 8, 0, 0, 0),
	(1709, 69, 8, 0, 0, 0),
	(1710, 70, 8, 0, 0, 0),
	(1781, 1, 16, 0, 0, 0),
	(1782, 2, 16, 0, 0, 0),
	(1783, 3, 16, 0, 0, 0),
	(1784, 4, 16, 0, 0, 0),
	(1785, 5, 16, 0, 0, 0),
	(1786, 6, 16, 0, 0, 0),
	(1787, 7, 16, 0, 0, 0),
	(1788, 8, 16, 0, 0, 0),
	(1789, 9, 16, 0, 0, 0),
	(1790, 10, 16, 0, 0, 0),
	(1791, 11, 16, 0, 0, 0),
	(1792, 12, 16, 0, 0, 0),
	(1793, 13, 16, 0, 0, 0),
	(1794, 14, 16, 0, 0, 0),
	(1795, 15, 16, 0, 0, 0),
	(1796, 16, 16, 0, 0, 0),
	(1797, 17, 16, 0, 0, 0),
	(1798, 18, 16, 0, 0, 0),
	(1799, 19, 16, 0, 0, 0),
	(1800, 20, 16, 0, 0, 0),
	(1801, 21, 16, 0, 0, 0),
	(1802, 22, 16, 0, 0, 0),
	(1803, 23, 16, 0, 0, 0),
	(1804, 24, 16, 0, 0, 0),
	(1805, 25, 16, 0, 0, 0),
	(1806, 26, 16, 0, 0, 0),
	(1807, 27, 16, 0, 0, 0),
	(1808, 28, 16, 0, 0, 0),
	(1809, 29, 16, 0, 0, 0),
	(1810, 30, 16, 0, 0, 0),
	(1811, 31, 16, 0, 0, 0),
	(1812, 32, 16, 0, 0, 0),
	(1813, 33, 16, 0, 0, 0),
	(1814, 34, 16, 0, 0, 0),
	(1815, 35, 16, 0, 0, 0),
	(1816, 36, 16, 0, 0, 0),
	(1817, 37, 16, 0, 0, 0),
	(1818, 38, 16, 0, 0, 0),
	(1819, 39, 16, 0, 0, 0),
	(1820, 40, 16, 0, 0, 0),
	(1821, 41, 16, 0, 0, 0),
	(1822, 42, 16, 0, 0, 0),
	(1823, 43, 16, 0, 0, 0),
	(1824, 44, 16, 0, 0, 0),
	(1825, 45, 16, 0, 0, 0),
	(1826, 46, 16, 0, 0, 0),
	(1827, 47, 16, 0, 0, 0),
	(1828, 48, 16, 0, 0, 0),
	(1829, 49, 16, 0, 0, 0),
	(1830, 50, 16, 0, 0, 0),
	(1831, 51, 16, 0, 0, 0),
	(1832, 52, 16, 0, 0, 0),
	(1833, 53, 16, 0, 0, 0),
	(1834, 54, 16, 0, 0, 0),
	(1835, 55, 16, 0, 0, 0),
	(1836, 56, 16, 0, 0, 0),
	(1837, 57, 16, 0, 0, 0),
	(1838, 58, 16, 0, 0, 0),
	(1839, 59, 16, 0, 0, 0),
	(1840, 60, 16, 0, 0, 0),
	(1841, 61, 16, 0, 0, 0),
	(1842, 62, 16, 1, 1, 1),
	(1843, 63, 16, 1, 1, 1),
	(1844, 64, 16, 0, 0, 0),
	(1845, 65, 16, 0, 0, 0),
	(1846, 66, 16, 0, 0, 0),
	(1847, 67, 16, 0, 0, 0),
	(1848, 68, 16, 0, 0, 0),
	(1849, 69, 16, 0, 0, 0),
	(1850, 70, 16, 0, 0, 0),
	(1851, 1, 13, 0, 0, 0),
	(1852, 2, 13, 0, 0, 0),
	(1853, 3, 13, 0, 0, 0),
	(1854, 4, 13, 0, 0, 0),
	(1855, 5, 13, 0, 0, 0),
	(1856, 6, 13, 0, 0, 0),
	(1857, 7, 13, 0, 0, 0),
	(1858, 8, 13, 0, 0, 0),
	(1859, 9, 13, 0, 0, 0),
	(1860, 10, 13, 0, 0, 0),
	(1861, 11, 13, 0, 0, 0),
	(1862, 12, 13, 0, 0, 0),
	(1863, 13, 13, 0, 0, 0),
	(1864, 14, 13, 0, 0, 0),
	(1865, 15, 13, 0, 0, 0),
	(1866, 16, 13, 0, 0, 0),
	(1867, 17, 13, 0, 0, 0),
	(1868, 18, 13, 0, 0, 0),
	(1869, 19, 13, 0, 0, 0),
	(1870, 20, 13, 0, 0, 0),
	(1871, 21, 13, 0, 0, 0),
	(1872, 22, 13, 0, 0, 0),
	(1873, 23, 13, 0, 0, 0),
	(1874, 24, 13, 0, 0, 0),
	(1875, 25, 13, 0, 0, 0),
	(1876, 26, 13, 0, 0, 0),
	(1877, 27, 13, 0, 0, 0),
	(1878, 28, 13, 0, 0, 0),
	(1879, 29, 13, 0, 0, 0),
	(1880, 30, 13, 0, 0, 0),
	(1881, 31, 13, 0, 0, 0),
	(1882, 32, 13, 0, 0, 0),
	(1883, 33, 13, 0, 0, 0),
	(1884, 34, 13, 0, 0, 0),
	(1885, 35, 13, 0, 0, 0),
	(1886, 36, 13, 0, 0, 0),
	(1887, 37, 13, 0, 0, 0),
	(1888, 38, 13, 0, 0, 0),
	(1889, 39, 13, 0, 0, 0),
	(1890, 40, 13, 0, 0, 0),
	(1891, 41, 13, 0, 0, 0),
	(1892, 42, 13, 0, 0, 0),
	(1893, 43, 13, 0, 0, 0),
	(1894, 44, 13, 0, 0, 0),
	(1895, 45, 13, 0, 0, 0),
	(1896, 46, 13, 0, 0, 0),
	(1897, 47, 13, 0, 0, 0),
	(1898, 48, 13, 0, 0, 0),
	(1899, 49, 13, 0, 0, 0),
	(1900, 50, 13, 0, 0, 0),
	(1901, 51, 13, 0, 0, 0),
	(1902, 52, 13, 0, 0, 0),
	(1903, 53, 13, 0, 0, 0),
	(1904, 54, 13, 0, 0, 0),
	(1905, 55, 13, 0, 0, 0),
	(1906, 56, 13, 0, 0, 0),
	(1907, 57, 13, 1, 1, 1),
	(1908, 58, 13, 1, 1, 1),
	(1909, 59, 13, 1, 1, 1),
	(1910, 60, 13, 0, 0, 0),
	(1911, 61, 13, 0, 0, 0),
	(1912, 62, 13, 0, 0, 0),
	(1913, 63, 13, 0, 0, 0),
	(1914, 64, 13, 0, 0, 0),
	(1915, 65, 13, 0, 0, 0),
	(1916, 66, 13, 0, 0, 0),
	(1917, 67, 13, 0, 0, 0),
	(1918, 68, 13, 0, 0, 0),
	(1919, 69, 13, 0, 0, 0),
	(1920, 70, 13, 0, 0, 0),
	(1921, 1, 19, 1, 0, 0),
	(1922, 2, 19, 1, 0, 0),
	(1923, 3, 19, 1, 0, 0),
	(1924, 4, 19, 1, 0, 0),
	(1925, 5, 19, 1, 0, 0),
	(1926, 6, 19, 1, 0, 0),
	(1927, 7, 19, 1, 0, 0),
	(1928, 8, 19, 1, 0, 0),
	(1929, 9, 19, 1, 0, 0),
	(1930, 10, 19, 1, 0, 0),
	(1931, 11, 19, 1, 0, 0),
	(1932, 12, 19, 1, 0, 0),
	(1933, 13, 19, 1, 0, 0),
	(1934, 14, 19, 1, 0, 0),
	(1935, 15, 19, 1, 0, 0),
	(1936, 16, 19, 1, 0, 0),
	(1937, 17, 19, 1, 0, 0),
	(1938, 18, 19, 1, 0, 0),
	(1939, 19, 19, 1, 0, 0),
	(1940, 20, 19, 1, 0, 0),
	(1941, 21, 19, 1, 0, 0),
	(1942, 22, 19, 1, 0, 0),
	(1943, 23, 19, 1, 0, 0),
	(1944, 24, 19, 1, 0, 0),
	(1945, 25, 19, 1, 0, 0),
	(1946, 26, 19, 1, 0, 0),
	(1947, 27, 19, 1, 0, 0),
	(1948, 28, 19, 1, 0, 0),
	(1949, 29, 19, 1, 0, 0),
	(1950, 30, 19, 1, 0, 0),
	(1951, 31, 19, 1, 0, 0),
	(1952, 32, 19, 1, 0, 0),
	(1953, 33, 19, 1, 0, 0),
	(1954, 34, 19, 1, 0, 0),
	(1955, 35, 19, 1, 0, 0),
	(1956, 36, 19, 1, 0, 0),
	(1957, 37, 19, 1, 0, 0),
	(1958, 38, 19, 1, 0, 0),
	(1959, 39, 19, 1, 0, 0),
	(1960, 40, 19, 1, 0, 0),
	(1961, 41, 19, 1, 0, 0),
	(1962, 42, 19, 1, 0, 0),
	(1963, 43, 19, 1, 0, 0),
	(1964, 44, 19, 1, 0, 0),
	(1965, 45, 19, 1, 0, 0),
	(1966, 46, 19, 1, 0, 0),
	(1967, 47, 19, 1, 0, 0),
	(1968, 48, 19, 1, 0, 0),
	(1969, 49, 19, 1, 0, 0),
	(1970, 50, 19, 1, 0, 0),
	(1971, 51, 19, 1, 0, 0),
	(1972, 52, 19, 1, 0, 0),
	(1973, 53, 19, 1, 0, 0),
	(1974, 54, 19, 1, 0, 0),
	(1975, 55, 19, 1, 0, 0),
	(1976, 56, 19, 1, 0, 0),
	(1977, 57, 19, 1, 0, 0),
	(1978, 58, 19, 1, 0, 0),
	(1979, 59, 19, 1, 0, 0),
	(1980, 60, 19, 1, 0, 0),
	(1981, 61, 19, 1, 0, 0),
	(1982, 62, 19, 1, 0, 0),
	(1983, 63, 19, 1, 0, 0),
	(1984, 64, 19, 1, 0, 0),
	(1985, 65, 19, 1, 0, 0),
	(1986, 66, 19, 1, 0, 0),
	(1987, 67, 19, 1, 0, 0),
	(1988, 68, 19, 1, 0, 0),
	(1989, 69, 19, 1, 0, 0),
	(1990, 70, 19, 1, 0, 0),
	(1991, 1, 20, 1, 0, 0),
	(1992, 2, 20, 1, 0, 0),
	(1993, 3, 20, 1, 0, 0),
	(1994, 4, 20, 1, 0, 0),
	(1995, 5, 20, 1, 0, 0),
	(1996, 6, 20, 1, 0, 0),
	(1997, 7, 20, 1, 0, 0),
	(1998, 8, 20, 1, 0, 0),
	(1999, 9, 20, 1, 0, 0),
	(2000, 10, 20, 1, 0, 0),
	(2001, 11, 20, 1, 0, 0),
	(2002, 12, 20, 1, 0, 0),
	(2003, 13, 20, 1, 0, 0),
	(2004, 14, 20, 1, 0, 0),
	(2005, 15, 20, 1, 0, 0),
	(2006, 16, 20, 1, 0, 0),
	(2007, 17, 20, 1, 0, 0),
	(2008, 18, 20, 1, 0, 0),
	(2009, 19, 20, 1, 0, 0),
	(2010, 20, 20, 1, 0, 0),
	(2011, 21, 20, 1, 0, 0),
	(2012, 22, 20, 1, 0, 0),
	(2013, 23, 20, 1, 0, 0),
	(2014, 24, 20, 1, 0, 0),
	(2015, 25, 20, 1, 0, 0),
	(2016, 26, 20, 1, 0, 0),
	(2017, 27, 20, 1, 0, 0),
	(2018, 28, 20, 1, 0, 0),
	(2019, 29, 20, 1, 0, 0),
	(2020, 30, 20, 1, 0, 0),
	(2021, 31, 20, 1, 0, 0),
	(2022, 32, 20, 1, 0, 0),
	(2023, 33, 20, 1, 0, 0),
	(2024, 34, 20, 1, 0, 0),
	(2025, 35, 20, 1, 0, 0),
	(2026, 36, 20, 1, 0, 0),
	(2027, 37, 20, 1, 0, 0),
	(2028, 38, 20, 1, 0, 0),
	(2029, 39, 20, 1, 0, 0),
	(2030, 40, 20, 1, 0, 0),
	(2031, 41, 20, 1, 0, 0),
	(2032, 42, 20, 1, 0, 0),
	(2033, 43, 20, 1, 0, 0),
	(2034, 44, 20, 1, 0, 0),
	(2035, 45, 20, 1, 0, 0),
	(2036, 46, 20, 1, 0, 0),
	(2037, 47, 20, 1, 0, 0),
	(2038, 48, 20, 1, 0, 0),
	(2039, 49, 20, 1, 0, 0),
	(2040, 50, 20, 1, 0, 0),
	(2041, 51, 20, 1, 0, 0),
	(2042, 52, 20, 1, 0, 0),
	(2043, 53, 20, 1, 0, 0),
	(2044, 54, 20, 1, 0, 0),
	(2045, 55, 20, 1, 0, 0),
	(2046, 56, 20, 1, 0, 0),
	(2047, 57, 20, 1, 0, 0),
	(2048, 58, 20, 1, 0, 0),
	(2049, 59, 20, 1, 0, 0),
	(2050, 60, 20, 1, 0, 0),
	(2051, 61, 20, 1, 0, 0),
	(2052, 62, 20, 1, 0, 0),
	(2053, 63, 20, 1, 0, 0),
	(2054, 64, 20, 1, 0, 0),
	(2055, 65, 20, 1, 0, 0),
	(2056, 66, 20, 1, 0, 0),
	(2057, 67, 20, 1, 0, 0),
	(2058, 68, 20, 1, 0, 0),
	(2059, 69, 20, 1, 0, 0),
	(2060, 70, 20, 1, 0, 0),
	(2135, 1, 21, 1, 0, 0),
	(2136, 2, 21, 1, 0, 0),
	(2137, 3, 21, 1, 0, 0),
	(2138, 4, 21, 1, 0, 0),
	(2139, 5, 21, 1, 0, 0),
	(2140, 6, 21, 1, 0, 0),
	(2141, 7, 21, 1, 0, 0),
	(2142, 8, 21, 1, 0, 0),
	(2143, 9, 21, 1, 0, 0),
	(2144, 10, 21, 1, 0, 0),
	(2145, 11, 21, 1, 0, 0),
	(2146, 12, 21, 1, 0, 0),
	(2147, 13, 21, 1, 0, 0),
	(2148, 14, 21, 1, 0, 0),
	(2149, 15, 21, 1, 0, 0),
	(2150, 16, 21, 1, 0, 0),
	(2151, 17, 21, 1, 0, 0),
	(2152, 18, 21, 1, 0, 0),
	(2153, 19, 21, 1, 0, 0),
	(2154, 20, 21, 1, 0, 0),
	(2155, 21, 21, 1, 0, 0),
	(2156, 22, 21, 1, 0, 0),
	(2157, 23, 21, 1, 0, 0),
	(2158, 24, 21, 1, 0, 0),
	(2159, 25, 21, 1, 0, 0),
	(2160, 26, 21, 1, 0, 0),
	(2161, 27, 21, 1, 0, 0),
	(2162, 28, 21, 1, 0, 0),
	(2163, 29, 21, 1, 0, 0),
	(2164, 30, 21, 1, 0, 0),
	(2165, 31, 21, 1, 0, 0),
	(2166, 32, 21, 1, 0, 0),
	(2167, 33, 21, 1, 0, 0),
	(2168, 34, 21, 1, 0, 0),
	(2169, 35, 21, 1, 0, 0),
	(2170, 36, 21, 1, 0, 0),
	(2171, 37, 21, 1, 0, 0),
	(2172, 38, 21, 1, 0, 0),
	(2173, 39, 21, 1, 0, 0),
	(2174, 40, 21, 1, 0, 0),
	(2175, 41, 21, 1, 0, 0),
	(2176, 42, 21, 1, 0, 0),
	(2177, 43, 21, 1, 0, 0),
	(2178, 44, 21, 1, 0, 0),
	(2179, 45, 21, 1, 0, 0),
	(2180, 46, 21, 1, 0, 0),
	(2181, 47, 21, 1, 0, 0),
	(2182, 48, 21, 1, 0, 0),
	(2183, 49, 21, 1, 0, 0),
	(2184, 50, 21, 1, 0, 0),
	(2185, 51, 21, 1, 0, 0),
	(2186, 52, 21, 1, 0, 0),
	(2187, 53, 21, 1, 0, 0),
	(2188, 54, 21, 1, 0, 0),
	(2189, 55, 21, 1, 0, 0),
	(2190, 56, 21, 1, 0, 0),
	(2191, 57, 21, 1, 0, 0),
	(2192, 58, 21, 1, 0, 0),
	(2193, 59, 21, 1, 0, 0),
	(2194, 60, 21, 1, 0, 0),
	(2195, 61, 21, 1, 0, 0),
	(2196, 62, 21, 1, 0, 0),
	(2197, 63, 21, 1, 0, 0),
	(2198, 64, 21, 1, 0, 0),
	(2199, 65, 21, 1, 0, 0),
	(2200, 66, 21, 1, 0, 0),
	(2201, 67, 21, 1, 0, 0),
	(2202, 68, 21, 1, 0, 0),
	(2203, 69, 21, 1, 0, 0),
	(2204, 70, 21, 1, 0, 0),
	(2205, 1, 4, 0, 0, 0),
	(2206, 2, 4, 0, 0, 0),
	(2207, 3, 4, 0, 0, 0),
	(2208, 4, 4, 0, 0, 0),
	(2209, 5, 4, 0, 0, 0),
	(2210, 6, 4, 0, 0, 0),
	(2211, 7, 4, 0, 0, 0),
	(2212, 8, 4, 0, 0, 0),
	(2213, 9, 4, 0, 0, 0),
	(2214, 10, 4, 0, 0, 0),
	(2215, 11, 4, 0, 0, 0),
	(2216, 12, 4, 0, 0, 0),
	(2217, 13, 4, 0, 0, 0),
	(2218, 14, 4, 0, 0, 0),
	(2219, 60, 4, 0, 0, 0),
	(2220, 61, 4, 0, 0, 0),
	(2221, 74, 4, 0, 0, 0),
	(2222, 75, 4, 0, 0, 0),
	(2223, 15, 4, 0, 0, 0),
	(2224, 16, 4, 0, 0, 0),
	(2225, 17, 4, 0, 0, 0),
	(2226, 18, 4, 0, 0, 0),
	(2227, 19, 4, 0, 0, 0),
	(2228, 20, 4, 0, 0, 0),
	(2229, 21, 4, 0, 0, 0),
	(2230, 22, 4, 0, 0, 0),
	(2231, 23, 4, 0, 0, 0),
	(2232, 24, 4, 0, 0, 0),
	(2233, 25, 4, 0, 0, 0),
	(2234, 26, 4, 0, 0, 0),
	(2235, 27, 4, 0, 0, 0),
	(2236, 28, 4, 0, 0, 0),
	(2237, 29, 4, 0, 0, 0),
	(2238, 30, 4, 0, 0, 0),
	(2239, 31, 4, 0, 0, 0),
	(2240, 32, 4, 0, 0, 0),
	(2241, 33, 4, 0, 0, 0),
	(2242, 34, 4, 0, 0, 0),
	(2243, 35, 4, 0, 0, 0),
	(2244, 36, 4, 0, 0, 0),
	(2245, 37, 4, 0, 0, 0),
	(2246, 38, 4, 0, 0, 0),
	(2247, 39, 4, 0, 0, 0),
	(2248, 40, 4, 0, 0, 0),
	(2249, 41, 4, 0, 0, 0),
	(2250, 42, 4, 0, 0, 0),
	(2251, 43, 4, 0, 0, 0),
	(2252, 44, 4, 0, 0, 0),
	(2253, 45, 4, 1, 0, 0),
	(2254, 46, 4, 1, 0, 0),
	(2255, 47, 4, 1, 0, 0),
	(2256, 48, 4, 1, 0, 0),
	(2257, 49, 4, 1, 0, 0),
	(2258, 50, 4, 0, 0, 0),
	(2259, 51, 4, 0, 0, 0),
	(2260, 52, 4, 0, 0, 0),
	(2261, 53, 4, 0, 0, 0),
	(2262, 54, 4, 0, 0, 0),
	(2263, 55, 4, 0, 0, 0),
	(2264, 56, 4, 0, 0, 0),
	(2265, 57, 4, 0, 0, 0),
	(2266, 58, 4, 0, 0, 0),
	(2267, 59, 4, 0, 0, 0),
	(2268, 62, 4, 1, 0, 0),
	(2269, 63, 4, 1, 0, 0),
	(2270, 64, 4, 0, 0, 0),
	(2271, 65, 4, 0, 0, 0),
	(2272, 66, 4, 0, 0, 0),
	(2273, 67, 4, 0, 0, 0),
	(2274, 68, 4, 0, 0, 0),
	(2275, 69, 4, 0, 0, 0),
	(2276, 70, 4, 0, 0, 0),
	(2277, 72, 4, 0, 0, 0),
	(2278, 73, 4, 0, 0, 0),
	(2279, 76, 4, 0, 0, 0),
	(2280, 77, 4, 0, 0, 0),
	(2281, 78, 4, 0, 0, 0),
	(2282, 79, 4, 0, 0, 0),
	(2283, 80, 4, 0, 0, 0),
	(2284, 81, 4, 0, 0, 0),
	(2285, 82, 4, 0, 0, 0),
	(2286, 83, 4, 0, 0, 0),
	(2699, 1, 17, 1, 0, 0),
	(2700, 2, 17, 1, 0, 0),
	(2701, 3, 17, 1, 0, 0),
	(2702, 4, 17, 1, 0, 0),
	(2703, 5, 17, 1, 0, 0),
	(2704, 6, 17, 1, 0, 0),
	(2705, 7, 17, 1, 0, 0),
	(2706, 8, 17, 1, 0, 0),
	(2707, 9, 17, 1, 0, 0),
	(2708, 10, 17, 1, 0, 0),
	(2709, 11, 17, 1, 0, 0),
	(2710, 12, 17, 1, 0, 0),
	(2711, 13, 17, 1, 0, 0),
	(2712, 14, 17, 1, 0, 0),
	(2713, 60, 17, 1, 0, 0),
	(2714, 61, 17, 1, 0, 0),
	(2715, 74, 17, 0, 0, 0),
	(2716, 75, 17, 1, 0, 0),
	(2717, 15, 17, 1, 0, 0),
	(2718, 16, 17, 1, 0, 0),
	(2719, 17, 17, 1, 0, 0),
	(2720, 18, 17, 0, 0, 0),
	(2721, 19, 17, 1, 0, 0),
	(2722, 20, 17, 1, 0, 0),
	(2723, 21, 17, 1, 0, 0),
	(2724, 22, 17, 1, 0, 0),
	(2725, 23, 17, 1, 0, 0),
	(2726, 24, 17, 1, 0, 0),
	(2727, 25, 17, 1, 0, 0),
	(2728, 26, 17, 1, 0, 0),
	(2729, 27, 17, 1, 0, 0),
	(2730, 28, 17, 1, 0, 0),
	(2731, 29, 17, 1, 0, 0),
	(2732, 30, 17, 1, 0, 0),
	(2733, 31, 17, 1, 0, 0),
	(2734, 32, 17, 1, 0, 0),
	(2735, 33, 17, 1, 0, 0),
	(2736, 34, 17, 1, 0, 0),
	(2737, 35, 17, 1, 0, 0),
	(2738, 36, 17, 1, 0, 0),
	(2739, 37, 17, 1, 0, 0),
	(2740, 38, 17, 1, 0, 0),
	(2741, 39, 17, 1, 0, 0),
	(2742, 40, 17, 1, 0, 0),
	(2743, 41, 17, 1, 0, 0),
	(2744, 42, 17, 1, 0, 0),
	(2745, 43, 17, 1, 0, 0),
	(2746, 44, 17, 1, 0, 0),
	(2747, 45, 17, 1, 0, 0),
	(2748, 46, 17, 1, 0, 0),
	(2749, 47, 17, 1, 0, 0),
	(2750, 48, 17, 1, 0, 0),
	(2751, 49, 17, 1, 0, 0),
	(2752, 50, 17, 1, 0, 0),
	(2753, 51, 17, 1, 0, 0),
	(2754, 52, 17, 1, 0, 0),
	(2755, 53, 17, 1, 0, 0),
	(2756, 54, 17, 1, 0, 0),
	(2757, 55, 17, 1, 0, 0),
	(2758, 56, 17, 1, 0, 0),
	(2759, 57, 17, 1, 0, 0),
	(2760, 58, 17, 1, 0, 0),
	(2761, 59, 17, 1, 0, 0),
	(2762, 62, 17, 1, 0, 0),
	(2763, 63, 17, 1, 0, 0),
	(2764, 64, 17, 1, 0, 0),
	(2765, 65, 17, 1, 0, 0),
	(2766, 66, 17, 1, 0, 0),
	(2767, 67, 17, 1, 0, 0),
	(2768, 68, 17, 1, 0, 0),
	(2769, 69, 17, 1, 0, 0),
	(2770, 70, 17, 1, 0, 0),
	(2771, 72, 17, 1, 0, 0),
	(2772, 73, 17, 1, 0, 0),
	(2773, 76, 17, 1, 0, 0),
	(2774, 77, 17, 1, 0, 0),
	(2775, 78, 17, 1, 0, 0),
	(2776, 79, 17, 1, 0, 0),
	(2777, 80, 17, 1, 0, 0),
	(2778, 81, 17, 1, 0, 0),
	(2779, 82, 17, 1, 0, 0),
	(2780, 83, 17, 1, 0, 0),
	(2781, 84, 17, 1, 0, 0),
	(2865, 1, 22, 1, 0, 0),
	(2866, 2, 22, 1, 0, 0),
	(2867, 3, 22, 1, 0, 0),
	(2868, 4, 22, 1, 0, 0),
	(2869, 5, 22, 1, 0, 0),
	(2870, 6, 22, 1, 0, 0),
	(2871, 7, 22, 1, 0, 0),
	(2872, 8, 22, 1, 0, 0),
	(2873, 9, 22, 1, 0, 0),
	(2874, 10, 22, 1, 0, 0),
	(2875, 11, 22, 1, 0, 0),
	(2876, 12, 22, 1, 0, 0),
	(2877, 13, 22, 1, 0, 0),
	(2878, 14, 22, 1, 0, 0),
	(2879, 15, 22, 1, 0, 0),
	(2880, 16, 22, 1, 0, 0),
	(2881, 17, 22, 1, 0, 0),
	(2882, 18, 22, 1, 0, 0),
	(2883, 19, 22, 1, 0, 0),
	(2884, 20, 22, 1, 0, 0),
	(2885, 21, 22, 1, 0, 0),
	(2886, 22, 22, 1, 0, 0),
	(2887, 23, 22, 1, 0, 0),
	(2888, 24, 22, 1, 0, 0),
	(2889, 25, 22, 1, 0, 0),
	(2890, 26, 22, 1, 0, 0),
	(2891, 27, 22, 1, 0, 0),
	(2892, 28, 22, 1, 0, 0),
	(2893, 29, 22, 1, 0, 0),
	(2894, 30, 22, 1, 0, 0),
	(2895, 31, 22, 1, 0, 0),
	(2896, 32, 22, 1, 0, 0),
	(2897, 33, 22, 1, 0, 0),
	(2898, 34, 22, 1, 0, 0),
	(2899, 35, 22, 1, 0, 0),
	(2900, 36, 22, 1, 0, 0),
	(2901, 37, 22, 1, 0, 0),
	(2902, 38, 22, 1, 0, 0),
	(2903, 39, 22, 1, 0, 0),
	(2904, 40, 22, 1, 0, 0),
	(2905, 41, 22, 1, 0, 0),
	(2906, 42, 22, 1, 0, 0),
	(2907, 43, 22, 1, 0, 0),
	(2908, 44, 22, 1, 0, 0),
	(2909, 45, 22, 1, 0, 0),
	(2910, 46, 22, 1, 0, 0),
	(2911, 47, 22, 1, 0, 0),
	(2912, 48, 22, 1, 0, 0),
	(2913, 49, 22, 1, 0, 0),
	(2914, 50, 22, 1, 0, 0),
	(2915, 51, 22, 1, 0, 0),
	(2916, 52, 22, 1, 0, 0),
	(2917, 53, 22, 1, 0, 0),
	(2918, 54, 22, 1, 0, 0),
	(2919, 55, 22, 1, 0, 0),
	(2920, 56, 22, 1, 0, 0),
	(2921, 57, 22, 1, 0, 0),
	(2922, 58, 22, 1, 0, 0),
	(2923, 59, 22, 1, 0, 0),
	(2924, 60, 22, 1, 0, 0),
	(2925, 61, 22, 1, 0, 0),
	(2926, 62, 22, 1, 0, 0),
	(2927, 63, 22, 1, 0, 0),
	(2928, 64, 22, 1, 0, 0),
	(2929, 65, 22, 1, 0, 0),
	(2930, 66, 22, 1, 0, 0),
	(2931, 67, 22, 1, 0, 0),
	(2932, 68, 22, 1, 0, 0),
	(2933, 69, 22, 1, 0, 0),
	(2934, 70, 22, 1, 0, 0),
	(3535, 1, 23, 1, 0, 0),
	(3536, 2, 23, 1, 0, 0),
	(3537, 3, 23, 1, 0, 0),
	(3538, 4, 23, 1, 0, 0),
	(3539, 5, 23, 1, 0, 0),
	(3540, 6, 23, 1, 0, 0),
	(3541, 7, 23, 1, 0, 0),
	(3542, 8, 23, 1, 0, 0),
	(3543, 9, 23, 1, 0, 0),
	(3544, 10, 23, 1, 0, 0),
	(3545, 11, 23, 1, 0, 0),
	(3546, 12, 23, 1, 0, 0),
	(3547, 13, 23, 1, 0, 0),
	(3548, 14, 23, 1, 0, 0),
	(3549, 15, 23, 1, 0, 0),
	(3550, 16, 23, 1, 0, 0),
	(3551, 17, 23, 1, 0, 0),
	(3552, 18, 23, 1, 0, 0),
	(3553, 19, 23, 1, 0, 0),
	(3554, 20, 23, 1, 0, 0),
	(3555, 21, 23, 1, 0, 0),
	(3556, 22, 23, 1, 0, 0),
	(3557, 23, 23, 1, 0, 0),
	(3558, 24, 23, 1, 0, 0),
	(3559, 25, 23, 1, 0, 0),
	(3560, 26, 23, 1, 0, 0),
	(3561, 27, 23, 1, 0, 0),
	(3562, 28, 23, 1, 0, 0),
	(3563, 29, 23, 1, 0, 0),
	(3564, 30, 23, 1, 0, 0),
	(3565, 31, 23, 1, 0, 0),
	(3566, 32, 23, 1, 0, 0),
	(3567, 33, 23, 1, 0, 0),
	(3568, 34, 23, 1, 0, 0),
	(3569, 35, 23, 1, 0, 0),
	(3570, 36, 23, 1, 0, 0),
	(3571, 37, 23, 1, 0, 0),
	(3572, 38, 23, 1, 0, 0),
	(3573, 39, 23, 1, 0, 0),
	(3574, 40, 23, 1, 0, 0),
	(3575, 41, 23, 1, 0, 0),
	(3576, 42, 23, 1, 0, 0),
	(3577, 43, 23, 1, 0, 0),
	(3578, 44, 23, 1, 0, 0),
	(3579, 45, 23, 1, 0, 0),
	(3580, 46, 23, 1, 0, 0),
	(3581, 47, 23, 1, 0, 0),
	(3582, 48, 23, 1, 0, 0),
	(3583, 49, 23, 1, 0, 0),
	(3584, 50, 23, 1, 0, 0),
	(3585, 51, 23, 1, 0, 0),
	(3586, 52, 23, 1, 0, 0),
	(3587, 53, 23, 1, 0, 0),
	(3588, 54, 23, 1, 0, 0),
	(3589, 55, 23, 1, 0, 0),
	(3590, 56, 23, 1, 0, 0),
	(3591, 57, 23, 1, 0, 0),
	(3592, 58, 23, 1, 0, 0),
	(3593, 59, 23, 1, 0, 0),
	(3594, 60, 23, 1, 0, 0),
	(3595, 61, 23, 1, 0, 0),
	(3596, 62, 23, 1, 0, 0),
	(3597, 63, 23, 1, 0, 0),
	(3598, 64, 23, 1, 0, 0),
	(3599, 65, 23, 1, 0, 0),
	(3600, 66, 23, 1, 0, 0),
	(3601, 67, 23, 1, 0, 0),
	(3602, 68, 23, 1, 0, 0),
	(3603, 69, 23, 1, 0, 0),
	(3604, 70, 23, 1, 0, 0),
	(3605, 1, 9, 0, 0, 0),
	(3606, 2, 9, 0, 0, 0),
	(3607, 3, 9, 0, 0, 0),
	(3608, 4, 9, 0, 0, 0),
	(3609, 5, 9, 0, 0, 0),
	(3610, 6, 9, 0, 0, 0),
	(3611, 7, 9, 0, 0, 0),
	(3612, 8, 9, 0, 0, 0),
	(3613, 9, 9, 0, 0, 0),
	(3614, 10, 9, 0, 0, 0),
	(3615, 11, 9, 0, 0, 0),
	(3616, 12, 9, 0, 0, 0),
	(3617, 13, 9, 0, 0, 0),
	(3618, 14, 9, 0, 0, 0),
	(3619, 60, 9, 0, 0, 0),
	(3620, 61, 9, 0, 0, 0),
	(3621, 15, 9, 0, 0, 0),
	(3622, 16, 9, 0, 0, 0),
	(3623, 17, 9, 0, 0, 0),
	(3624, 18, 9, 0, 0, 0),
	(3625, 19, 9, 0, 0, 0),
	(3626, 20, 9, 0, 0, 0),
	(3627, 21, 9, 0, 0, 0),
	(3628, 99, 9, 0, 0, 0),
	(3629, 22, 9, 0, 0, 0),
	(3630, 23, 9, 0, 0, 0),
	(3631, 24, 9, 0, 0, 0),
	(3632, 25, 9, 0, 0, 0),
	(3633, 26, 9, 0, 0, 0),
	(3634, 27, 9, 0, 0, 0),
	(3635, 28, 9, 0, 0, 0),
	(3636, 29, 9, 0, 0, 0),
	(3637, 30, 9, 0, 0, 0),
	(3638, 31, 9, 0, 0, 0),
	(3639, 32, 9, 0, 0, 0),
	(3640, 33, 9, 0, 0, 0),
	(3641, 34, 9, 0, 0, 0),
	(3642, 35, 9, 0, 0, 0),
	(3643, 36, 9, 0, 0, 0),
	(3644, 37, 9, 0, 0, 0),
	(3645, 38, 9, 0, 0, 0),
	(3646, 39, 9, 0, 0, 0),
	(3647, 40, 9, 0, 0, 0),
	(3648, 41, 9, 0, 0, 0),
	(3649, 42, 9, 0, 0, 0),
	(3650, 43, 9, 0, 0, 0),
	(3651, 44, 9, 0, 0, 0),
	(3652, 45, 9, 0, 0, 0),
	(3653, 46, 9, 0, 0, 0),
	(3654, 47, 9, 0, 0, 0),
	(3655, 48, 9, 0, 0, 0),
	(3656, 49, 9, 0, 0, 0),
	(3657, 71, 9, 0, 0, 0),
	(3658, 74, 9, 0, 0, 0),
	(3659, 102, 9, 0, 0, 0),
	(3660, 50, 9, 0, 0, 0),
	(3661, 51, 9, 0, 0, 0),
	(3662, 52, 9, 0, 0, 0),
	(3663, 53, 9, 0, 0, 0),
	(3664, 54, 9, 1, 0, 0),
	(3665, 55, 9, 1, 0, 0),
	(3666, 56, 9, 1, 0, 0),
	(3667, 57, 9, 0, 0, 0),
	(3668, 58, 9, 0, 0, 0),
	(3669, 59, 9, 0, 0, 0),
	(3670, 62, 9, 0, 0, 0),
	(3671, 63, 9, 0, 0, 0),
	(3672, 64, 9, 0, 0, 0),
	(3673, 65, 9, 0, 0, 0),
	(3674, 66, 9, 0, 0, 0),
	(3675, 67, 9, 0, 0, 0),
	(3676, 68, 9, 0, 0, 0),
	(3677, 69, 9, 0, 0, 0),
	(3678, 70, 9, 0, 0, 0),
	(3679, 87, 9, 0, 0, 0),
	(3680, 88, 9, 0, 0, 0),
	(3681, 89, 9, 0, 0, 0),
	(3682, 72, 9, 1, 0, 0),
	(3683, 73, 9, 1, 0, 0),
	(3684, 75, 9, 1, 0, 0),
	(3685, 77, 9, 1, 0, 0),
	(3686, 78, 9, 1, 0, 0),
	(3687, 79, 9, 1, 0, 0),
	(3688, 80, 9, 1, 0, 0),
	(3689, 81, 9, 1, 0, 0),
	(3690, 82, 9, 1, 0, 0),
	(3691, 85, 9, 1, 0, 0),
	(3692, 86, 9, 1, 0, 0),
	(3693, 90, 9, 0, 0, 0),
	(3694, 91, 9, 0, 0, 0),
	(3695, 92, 9, 0, 0, 0),
	(3696, 93, 9, 0, 0, 0),
	(3697, 94, 9, 0, 0, 0),
	(3698, 95, 9, 0, 0, 0),
	(3699, 96, 9, 0, 0, 0),
	(3700, 97, 9, 0, 0, 0),
	(3701, 98, 9, 0, 0, 0),
	(3702, 100, 9, 0, 0, 0),
	(3703, 101, 9, 0, 0, 0),
	(3704, 103, 9, 0, 0, 0),
	(3705, 104, 9, 0, 0, 0),
	(3706, 105, 9, 0, 0, 0),
	(3707, 106, 9, 0, 0, 0),
	(3708, 118, 9, 0, 0, 0),
	(3709, 107, 9, 0, 0, 0),
	(3710, 108, 9, 0, 0, 0),
	(3711, 109, 9, 0, 0, 0),
	(3712, 110, 9, 0, 0, 0),
	(3713, 111, 9, 0, 0, 0),
	(3714, 112, 9, 0, 0, 0),
	(3715, 113, 9, 0, 0, 0),
	(3716, 114, 9, 0, 0, 0),
	(3717, 115, 9, 0, 0, 0),
	(3718, 116, 9, 0, 0, 0),
	(3719, 117, 9, 0, 0, 0),
	(3720, 119, 9, 0, 0, 0),
	(3721, 120, 9, 0, 0, 0),
	(3722, 121, 9, 0, 0, 0),
	(3723, 122, 9, 0, 0, 0),
	(3724, 124, 9, 0, 0, 0),
	(3725, 123, 9, 0, 0, 0),
	(3726, 125, 9, 0, 0, 0),
	(3727, 126, 9, 0, 0, 0),
	(6583, 1, 1, 1, 0, 0),
	(6584, 2, 1, 1, 0, 0),
	(6585, 3, 1, 1, 0, 0),
	(6586, 4, 1, 1, 0, 0),
	(6587, 5, 1, 1, 0, 0),
	(6588, 6, 1, 1, 0, 0),
	(6589, 7, 1, 1, 0, 0),
	(6590, 8, 1, 1, 0, 0),
	(6591, 9, 1, 1, 0, 0),
	(6592, 10, 1, 1, 0, 0),
	(6593, 11, 1, 1, 0, 0),
	(6594, 12, 1, 1, 0, 0),
	(6595, 13, 1, 1, 0, 0),
	(6596, 14, 1, 1, 0, 0),
	(6597, 15, 1, 1, 0, 0),
	(6598, 63, 1, 1, 0, 0),
	(6599, 64, 1, 1, 0, 0),
	(6600, 16, 1, 1, 0, 0),
	(6601, 17, 1, 1, 0, 0),
	(6602, 18, 1, 1, 0, 0),
	(6603, 19, 1, 1, 0, 0),
	(6604, 20, 1, 1, 0, 0),
	(6605, 21, 1, 1, 0, 0),
	(6606, 22, 1, 1, 0, 0),
	(6607, 98, 1, 1, 0, 0),
	(6608, 23, 1, 1, 0, 0),
	(6609, 24, 1, 1, 0, 0),
	(6610, 25, 1, 1, 0, 0),
	(6611, 26, 1, 1, 0, 0),
	(6612, 27, 1, 1, 0, 0),
	(6613, 28, 1, 1, 0, 0),
	(6614, 29, 1, 1, 0, 0),
	(6615, 30, 1, 1, 0, 0),
	(6616, 31, 1, 1, 0, 0),
	(6617, 32, 1, 1, 0, 0),
	(6618, 33, 1, 1, 0, 0),
	(6619, 34, 1, 1, 0, 0),
	(6620, 35, 1, 1, 0, 0),
	(6621, 36, 1, 1, 0, 0),
	(6622, 37, 1, 1, 0, 0),
	(6623, 38, 1, 1, 0, 0),
	(6624, 52, 1, 1, 0, 0),
	(6625, 53, 1, 1, 0, 0),
	(6626, 54, 1, 1, 0, 0),
	(6627, 55, 1, 1, 0, 0),
	(6628, 89, 1, 1, 0, 0),
	(6629, 90, 1, 1, 0, 0),
	(6630, 91, 1, 1, 0, 0),
	(6631, 93, 1, 1, 0, 0),
	(6632, 144, 1, 1, 0, 0),
	(6633, 147, 1, 1, 0, 0),
	(6634, 148, 1, 1, 0, 0),
	(6635, 150, 1, 1, 0, 0),
	(6636, 166, 1, 1, 0, 0),
	(6637, 168, 1, 1, 0, 0),
	(6638, 169, 1, 1, 0, 0),
	(6639, 170, 1, 1, 0, 0),
	(6640, 39, 1, 1, 0, 0),
	(6641, 40, 1, 1, 0, 0),
	(6642, 41, 1, 1, 0, 0),
	(6643, 42, 1, 1, 0, 0),
	(6644, 43, 1, 1, 0, 0),
	(6645, 44, 1, 1, 0, 0),
	(6646, 45, 1, 1, 0, 0),
	(6647, 46, 1, 1, 0, 0),
	(6648, 47, 1, 1, 0, 0),
	(6649, 48, 1, 1, 0, 0),
	(6650, 49, 1, 1, 0, 0),
	(6651, 51, 1, 1, 0, 0),
	(6652, 73, 1, 1, 0, 0),
	(6653, 76, 1, 1, 0, 0),
	(6654, 101, 1, 1, 0, 0),
	(6655, 136, 1, 1, 0, 0),
	(6656, 149, 1, 1, 0, 0),
	(6657, 56, 1, 1, 0, 0),
	(6658, 50, 1, 1, 0, 0),
	(6659, 65, 1, 1, 0, 0),
	(6660, 66, 1, 1, 0, 0),
	(6661, 67, 1, 1, 0, 0),
	(6662, 68, 1, 1, 0, 0),
	(6663, 69, 1, 1, 0, 0),
	(6664, 70, 1, 1, 0, 0),
	(6665, 71, 1, 1, 0, 0),
	(6666, 86, 1, 1, 0, 0),
	(6667, 87, 1, 1, 0, 0),
	(6668, 88, 1, 1, 0, 0),
	(6669, 131, 1, 1, 0, 0),
	(6670, 57, 1, 1, 0, 0),
	(6671, 58, 1, 1, 0, 0),
	(6672, 130, 1, 1, 0, 0),
	(6673, 163, 1, 1, 0, 0),
	(6674, 59, 1, 1, 0, 0),
	(6675, 60, 1, 1, 0, 0),
	(6676, 61, 1, 1, 0, 0),
	(6677, 62, 1, 1, 0, 0),
	(6678, 137, 1, 1, 0, 0),
	(6679, 74, 1, 1, 0, 0),
	(6680, 75, 1, 1, 0, 0),
	(6681, 77, 1, 1, 0, 0),
	(6682, 78, 1, 1, 0, 0),
	(6683, 79, 1, 1, 0, 0),
	(6684, 80, 1, 1, 0, 0),
	(6685, 81, 1, 1, 0, 0),
	(6686, 82, 1, 1, 0, 0),
	(6687, 83, 1, 1, 0, 0),
	(6688, 84, 1, 1, 0, 0),
	(6689, 85, 1, 1, 0, 0),
	(6690, 138, 1, 1, 0, 0),
	(6691, 141, 1, 1, 0, 0),
	(6692, 142, 1, 1, 0, 0),
	(6693, 143, 1, 1, 0, 0),
	(6694, 140, 1, 1, 0, 0),
	(6695, 145, 1, 1, 0, 0),
	(6696, 146, 1, 1, 0, 0),
	(6697, 161, 1, 0, 0, 0),
	(6698, 94, 1, 1, 0, 0),
	(6699, 95, 1, 1, 0, 0),
	(6700, 96, 1, 1, 0, 0),
	(6701, 97, 1, 1, 0, 0),
	(6702, 99, 1, 1, 0, 0),
	(6703, 100, 1, 1, 0, 0),
	(6704, 102, 1, 1, 0, 0),
	(6705, 103, 1, 1, 0, 0),
	(6706, 104, 1, 1, 0, 0),
	(6707, 105, 1, 1, 0, 0),
	(6708, 117, 1, 1, 0, 0),
	(6709, 106, 1, 1, 0, 0),
	(6710, 107, 1, 1, 0, 0),
	(6711, 108, 1, 1, 0, 0),
	(6712, 109, 1, 1, 0, 0),
	(6713, 110, 1, 1, 0, 0),
	(6714, 111, 1, 1, 0, 0),
	(6715, 112, 1, 1, 0, 0),
	(6716, 113, 1, 1, 0, 0),
	(6717, 114, 1, 1, 0, 0),
	(6718, 151, 1, 1, 0, 0),
	(6719, 152, 1, 1, 0, 0),
	(6720, 153, 1, 1, 0, 0),
	(6721, 154, 1, 1, 0, 0),
	(6722, 155, 1, 1, 0, 0),
	(6723, 156, 1, 1, 0, 0),
	(6724, 157, 1, 1, 0, 0),
	(6725, 158, 1, 1, 0, 0),
	(6726, 115, 1, 0, 0, 0),
	(6727, 116, 1, 0, 0, 0),
	(6728, 118, 1, 1, 0, 0),
	(6729, 119, 1, 1, 0, 0),
	(6730, 120, 1, 1, 0, 0),
	(6731, 121, 1, 1, 0, 0),
	(6732, 122, 1, 1, 0, 0),
	(6733, 124, 1, 1, 0, 0),
	(6734, 128, 1, 1, 0, 0),
	(6735, 162, 1, 1, 0, 0),
	(6736, 123, 1, 1, 0, 0),
	(6737, 125, 1, 1, 0, 0),
	(6738, 127, 1, 1, 0, 0),
	(6739, 132, 1, 1, 0, 0),
	(6740, 133, 1, 1, 0, 0),
	(6741, 159, 1, 1, 0, 0),
	(6742, 126, 1, 1, 0, 0),
	(6743, 134, 1, 1, 0, 0),
	(6744, 135, 1, 1, 0, 0),
	(6745, 160, 1, 1, 0, 0),
	(6746, 164, 1, 1, 0, 0),
	(6747, 165, 1, 1, 0, 0),
	(6748, 129, 1, 1, 0, 0);

--
-- Indexes for dumped tables
--

--
-- Dumping data for table `user_type_access`
--

INSERT INTO `user_type_access` (`id`, `user_type_id`, `screen_id`, `view`, `update`, `delete`) VALUES
	(1, 1, 1, 1, 0, 0),
	(2, 1, 2, 1, 0, 0),
	(3, 1, 3, 1, 0, 0),
	(4, 1, 4, 1, 0, 0),
	(5, 1, 5, 1, 0, 0),
	(6, 1, 6, 1, 0, 0),
	(7, 1, 7, 1, 0, 0),
	(8, 1, 8, 1, 0, 0),
	(9, 1, 9, 1, 0, 0),
	(10, 1, 10, 1, 0, 0),
	(11, 1, 11, 1, 0, 0),
	(12, 1, 12, 1, 0, 0),
	(13, 1, 13, 1, 0, 0),
	(14, 1, 14, 1, 0, 0),
	(15, 1, 15, 1, 0, 0),
	(16, 1, 16, 1, 0, 0),
	(17, 1, 17, 1, 0, 0),
	(18, 1, 18, 1, 0, 0),
	(19, 1, 19, 1, 0, 0),
	(20, 1, 20, 1, 0, 0),
	(21, 1, 21, 1, 0, 0),
	(22, 1, 22, 1, 0, 0),
	(23, 1, 23, 1, 0, 0),
	(24, 1, 24, 1, 0, 0),
	(25, 1, 25, 1, 0, 0),
	(26, 1, 26, 1, 0, 0),
	(27, 1, 27, 1, 0, 0),
	(28, 1, 28, 1, 0, 0),
	(29, 1, 29, 1, 0, 0),
	(30, 1, 30, 1, 0, 0),
	(31, 1, 31, 1, 0, 0),
	(32, 1, 32, 1, 0, 0),
	(33, 1, 33, 1, 0, 0),
	(34, 1, 34, 1, 0, 0),
	(35, 1, 35, 1, 0, 0),
	(36, 1, 36, 1, 0, 0),
	(37, 1, 37, 1, 0, 0),
	(38, 1, 38, 1, 0, 0),
	(39, 1, 39, 1, 0, 0),
	(40, 1, 40, 1, 0, 0),
	(41, 1, 41, 1, 0, 0),
	(42, 1, 42, 1, 0, 0),
	(43, 1, 43, 1, 0, 0),
	(44, 1, 44, 1, 0, 0),
	(45, 1, 45, 1, 0, 0),
	(46, 1, 46, 1, 0, 0),
	(47, 1, 47, 1, 0, 0),
	(48, 1, 48, 1, 0, 0),
	(49, 1, 49, 1, 0, 0),
	(50, 1, 50, 1, 0, 0),
	(51, 1, 51, 1, 0, 0),
	(52, 1, 52, 1, 0, 0),
	(53, 1, 53, 1, 0, 0),
	(54, 1, 54, 1, 0, 0),
	(55, 1, 55, 1, 0, 0),
	(56, 1, 56, 1, 0, 0),
	(57, 1, 57, 1, 0, 0),
	(58, 1, 58, 1, 0, 0),
	(59, 1, 59, 1, 0, 0),
	(60, 1, 60, 1, 0, 0),
	(61, 1, 61, 1, 0, 0),
	(62, 1, 62, 1, 0, 0),
	(63, 1, 63, 1, 0, 0),
	(64, 1, 64, 1, 0, 0),
	(65, 1, 65, 1, 0, 0),
	(66, 1, 66, 1, 0, 0),
	(67, 1, 67, 1, 0, 0),
	(68, 1, 68, 1, 0, 0),
	(69, 1, 69, 1, 0, 0),
	(70, 1, 70, 1, 0, 0),
	(71, 2, 1, 1, 0, 0),
	(72, 2, 2, 1, 0, 0),
	(73, 2, 3, 1, 0, 0),
	(74, 2, 4, 1, 0, 0),
	(75, 2, 5, 1, 0, 0),
	(76, 2, 6, 1, 0, 0),
	(77, 2, 7, 1, 0, 0),
	(78, 2, 8, 1, 0, 0),
	(79, 2, 9, 1, 0, 0),
	(80, 2, 10, 1, 0, 0),
	(81, 2, 11, 1, 0, 0),
	(82, 2, 12, 1, 0, 0),
	(83, 2, 13, 1, 0, 0),
	(84, 2, 14, 1, 0, 0),
	(85, 2, 15, 1, 0, 0),
	(86, 2, 16, 1, 0, 0),
	(87, 2, 17, 1, 0, 0),
	(88, 2, 18, 1, 0, 0),
	(89, 2, 19, 1, 0, 0),
	(90, 2, 20, 1, 0, 0),
	(91, 2, 21, 1, 0, 0),
	(92, 2, 22, 1, 0, 0),
	(93, 2, 23, 1, 0, 0),
	(94, 2, 24, 1, 0, 0),
	(95, 2, 25, 1, 0, 0),
	(96, 2, 26, 1, 0, 0),
	(97, 2, 27, 1, 0, 0),
	(98, 2, 28, 1, 0, 0),
	(99, 2, 29, 1, 0, 0),
	(100, 2, 30, 1, 0, 0),
	(101, 2, 31, 1, 0, 0),
	(102, 2, 32, 1, 0, 0),
	(103, 2, 33, 1, 0, 0),
	(104, 2, 34, 1, 0, 0),
	(105, 2, 35, 1, 0, 0),
	(106, 2, 36, 1, 0, 0),
	(107, 2, 37, 1, 0, 0),
	(108, 2, 38, 1, 0, 0),
	(109, 2, 39, 1, 0, 0),
	(110, 2, 40, 1, 0, 0),
	(111, 2, 41, 1, 0, 0),
	(112, 2, 42, 1, 0, 0),
	(113, 2, 43, 1, 0, 0),
	(114, 2, 44, 1, 0, 0),
	(115, 2, 45, 1, 0, 0),
	(116, 2, 46, 1, 0, 0),
	(117, 2, 47, 1, 0, 0),
	(118, 2, 48, 1, 0, 0),
	(119, 2, 49, 1, 0, 0),
	(120, 2, 50, 1, 0, 0),
	(121, 2, 51, 1, 0, 0),
	(122, 2, 52, 1, 0, 0),
	(123, 2, 53, 1, 0, 0),
	(124, 2, 54, 1, 0, 0),
	(125, 2, 55, 1, 0, 0),
	(126, 2, 56, 1, 0, 0),
	(127, 2, 57, 1, 0, 0),
	(128, 2, 58, 1, 0, 0),
	(129, 2, 59, 1, 0, 0),
	(130, 2, 60, 1, 0, 0),
	(131, 2, 61, 1, 0, 0),
	(132, 2, 62, 1, 0, 0),
	(133, 2, 63, 1, 0, 0),
	(134, 2, 64, 1, 0, 0),
	(135, 2, 65, 1, 0, 0),
	(136, 2, 66, 1, 0, 0),
	(137, 2, 67, 1, 0, 0),
	(138, 2, 68, 1, 0, 0),
	(139, 2, 69, 1, 0, 0),
	(140, 2, 70, 1, 0, 0),
	(141, 3, 1, 1, 0, 0),
	(142, 3, 2, 1, 0, 0),
	(143, 3, 3, 1, 0, 0),
	(144, 3, 4, 1, 0, 0),
	(145, 3, 5, 1, 0, 0),
	(146, 3, 6, 1, 0, 0),
	(147, 3, 7, 1, 0, 0),
	(148, 3, 8, 1, 0, 0),
	(149, 3, 9, 1, 0, 0),
	(150, 3, 10, 1, 0, 0),
	(151, 3, 11, 1, 0, 0),
	(152, 3, 12, 1, 0, 0),
	(153, 3, 13, 1, 0, 0),
	(154, 3, 14, 1, 0, 0),
	(155, 3, 15, 1, 0, 0),
	(156, 3, 16, 1, 0, 0),
	(157, 3, 17, 1, 0, 0),
	(158, 3, 18, 1, 0, 0),
	(159, 3, 19, 1, 0, 0),
	(160, 3, 20, 1, 0, 0),
	(161, 3, 21, 1, 0, 0),
	(162, 3, 22, 1, 0, 0),
	(163, 3, 23, 1, 0, 0),
	(164, 3, 24, 1, 0, 0),
	(165, 3, 25, 1, 0, 0),
	(166, 3, 26, 1, 0, 0),
	(167, 3, 27, 1, 0, 0),
	(168, 3, 28, 1, 0, 0),
	(169, 3, 29, 1, 0, 0),
	(170, 3, 30, 1, 0, 0),
	(171, 3, 31, 1, 0, 0),
	(172, 3, 32, 1, 0, 0),
	(173, 3, 33, 1, 0, 0),
	(174, 3, 34, 1, 0, 0),
	(175, 3, 35, 1, 0, 0),
	(176, 3, 36, 1, 0, 0),
	(177, 3, 37, 1, 0, 0),
	(178, 3, 38, 1, 0, 0),
	(179, 3, 39, 1, 0, 0),
	(180, 3, 40, 1, 0, 0),
	(181, 3, 41, 1, 0, 0),
	(182, 3, 42, 1, 0, 0),
	(183, 3, 43, 1, 0, 0),
	(184, 3, 44, 1, 0, 0),
	(185, 3, 45, 1, 0, 0),
	(186, 3, 46, 1, 0, 0),
	(187, 3, 47, 1, 0, 0),
	(188, 3, 48, 1, 0, 0),
	(189, 3, 49, 1, 0, 0),
	(190, 3, 50, 1, 0, 0),
	(191, 3, 51, 1, 0, 0),
	(192, 3, 52, 1, 0, 0),
	(193, 3, 53, 1, 0, 0),
	(194, 3, 54, 1, 0, 0),
	(195, 3, 55, 1, 0, 0),
	(196, 3, 56, 1, 0, 0),
	(197, 3, 57, 1, 0, 0),
	(198, 3, 58, 1, 0, 0),
	(199, 3, 59, 1, 0, 0),
	(200, 3, 60, 1, 0, 0),
	(201, 3, 61, 1, 0, 0),
	(202, 3, 62, 1, 0, 0),
	(203, 3, 63, 1, 0, 0),
	(204, 3, 64, 1, 0, 0),
	(205, 3, 65, 1, 0, 0),
	(206, 3, 66, 1, 0, 0),
	(207, 3, 67, 1, 0, 0),
	(208, 3, 68, 1, 0, 0),
	(209, 3, 69, 1, 0, 0),
	(210, 3, 70, 1, 0, 0),
	(211, 4, 1, 1, 0, 0),
	(212, 4, 2, 1, 0, 0),
	(213, 4, 3, 1, 0, 0),
	(214, 4, 4, 1, 0, 0),
	(215, 4, 5, 1, 0, 0),
	(216, 4, 6, 1, 0, 0),
	(217, 4, 7, 1, 0, 0),
	(218, 4, 8, 1, 0, 0),
	(219, 4, 9, 1, 0, 0),
	(220, 4, 10, 1, 0, 0),
	(221, 4, 11, 1, 0, 0),
	(222, 4, 12, 1, 0, 0),
	(223, 4, 13, 1, 0, 0),
	(224, 4, 14, 1, 0, 0),
	(225, 4, 15, 1, 0, 0),
	(226, 4, 16, 1, 0, 0),
	(227, 4, 17, 1, 0, 0),
	(228, 4, 18, 1, 0, 0),
	(229, 4, 19, 1, 0, 0),
	(230, 4, 20, 1, 0, 0),
	(231, 4, 21, 1, 0, 0),
	(232, 4, 22, 1, 0, 0),
	(233, 4, 23, 1, 0, 0),
	(234, 4, 24, 1, 0, 0),
	(235, 4, 25, 1, 0, 0),
	(236, 4, 26, 1, 0, 0),
	(237, 4, 27, 1, 0, 0),
	(238, 4, 28, 1, 0, 0),
	(239, 4, 29, 1, 0, 0),
	(240, 4, 30, 1, 0, 0),
	(241, 4, 31, 1, 0, 0),
	(242, 4, 32, 1, 0, 0),
	(243, 4, 33, 1, 0, 0),
	(244, 4, 34, 1, 0, 0),
	(245, 4, 35, 1, 0, 0),
	(246, 4, 36, 1, 0, 0),
	(247, 4, 37, 1, 0, 0),
	(248, 4, 38, 1, 0, 0),
	(249, 4, 39, 1, 0, 0),
	(250, 4, 40, 1, 0, 0),
	(251, 4, 41, 1, 0, 0),
	(252, 4, 42, 1, 0, 0),
	(253, 4, 43, 1, 0, 0),
	(254, 4, 44, 1, 0, 0),
	(255, 4, 45, 1, 0, 0),
	(256, 4, 46, 1, 0, 0),
	(257, 4, 47, 1, 0, 0),
	(258, 4, 48, 1, 0, 0),
	(259, 4, 49, 1, 0, 0),
	(260, 4, 50, 1, 0, 0),
	(261, 4, 51, 1, 0, 0),
	(262, 4, 52, 1, 0, 0),
	(263, 4, 53, 1, 0, 0),
	(264, 4, 54, 1, 0, 0),
	(265, 4, 55, 1, 0, 0),
	(266, 4, 56, 1, 0, 0),
	(267, 4, 57, 1, 0, 0),
	(268, 4, 58, 1, 0, 0),
	(269, 4, 59, 1, 0, 0),
	(270, 4, 60, 1, 0, 0),
	(271, 4, 61, 1, 0, 0),
	(272, 4, 62, 1, 0, 0),
	(273, 4, 63, 1, 0, 0),
	(274, 4, 64, 1, 0, 0),
	(275, 4, 65, 1, 0, 0),
	(276, 4, 66, 1, 0, 0),
	(277, 4, 67, 1, 0, 0),
	(278, 4, 68, 1, 0, 0),
	(279, 4, 69, 1, 0, 0),
	(280, 4, 70, 1, 0, 0),
	(281, 5, 1, 1, 0, 0),
	(282, 5, 2, 1, 0, 0),
	(283, 5, 3, 1, 0, 0),
	(284, 5, 4, 1, 0, 0),
	(285, 5, 5, 1, 0, 0),
	(286, 5, 6, 1, 0, 0),
	(287, 5, 7, 1, 0, 0),
	(288, 5, 8, 1, 0, 0),
	(289, 5, 9, 1, 0, 0),
	(290, 5, 10, 1, 0, 0),
	(291, 5, 11, 1, 0, 0),
	(292, 5, 12, 1, 0, 0),
	(293, 5, 13, 1, 0, 0),
	(294, 5, 14, 1, 0, 0),
	(295, 5, 15, 1, 0, 0),
	(296, 5, 16, 1, 0, 0),
	(297, 5, 17, 1, 0, 0),
	(298, 5, 18, 1, 0, 0),
	(299, 5, 19, 1, 0, 0),
	(300, 5, 20, 1, 0, 0),
	(301, 5, 21, 1, 0, 0),
	(302, 5, 22, 1, 0, 0),
	(303, 5, 23, 1, 0, 0),
	(304, 5, 24, 1, 0, 0),
	(305, 5, 25, 1, 0, 0),
	(306, 5, 26, 1, 0, 0),
	(307, 5, 27, 1, 0, 0),
	(308, 5, 28, 1, 0, 0),
	(309, 5, 29, 1, 0, 0),
	(310, 5, 30, 1, 0, 0),
	(311, 5, 31, 1, 0, 0),
	(312, 5, 32, 1, 0, 0),
	(313, 5, 33, 1, 0, 0),
	(314, 5, 34, 1, 0, 0),
	(315, 5, 35, 1, 0, 0),
	(316, 5, 36, 1, 0, 0),
	(317, 5, 37, 1, 0, 0),
	(318, 5, 38, 1, 0, 0),
	(319, 5, 39, 1, 0, 0),
	(320, 5, 40, 1, 0, 0),
	(321, 5, 41, 1, 0, 0),
	(322, 5, 42, 1, 0, 0),
	(323, 5, 43, 1, 0, 0),
	(324, 5, 44, 1, 0, 0),
	(325, 5, 45, 1, 0, 0),
	(326, 5, 46, 1, 0, 0),
	(327, 5, 47, 1, 0, 0),
	(328, 5, 48, 1, 0, 0),
	(329, 5, 49, 1, 0, 0),
	(330, 5, 50, 1, 0, 0),
	(331, 5, 51, 1, 0, 0),
	(332, 5, 52, 1, 0, 0),
	(333, 5, 53, 1, 0, 0),
	(334, 5, 54, 1, 0, 0),
	(335, 5, 55, 1, 0, 0),
	(336, 5, 56, 1, 0, 0),
	(337, 5, 57, 1, 0, 0),
	(338, 5, 58, 1, 0, 0),
	(339, 5, 59, 1, 0, 0),
	(340, 5, 60, 1, 0, 0),
	(341, 5, 61, 1, 0, 0),
	(342, 5, 62, 1, 0, 0),
	(343, 5, 63, 1, 0, 0),
	(344, 5, 64, 1, 0, 0),
	(345, 5, 65, 1, 0, 0),
	(346, 5, 66, 1, 0, 0),
	(347, 5, 67, 1, 0, 0),
	(348, 5, 68, 1, 0, 0),
	(349, 5, 69, 1, 0, 0),
	(350, 5, 70, 1, 0, 0),
	(351, 6, 1, 1, 0, 0),
	(352, 6, 2, 1, 0, 0),
	(353, 6, 3, 1, 0, 0),
	(354, 6, 4, 1, 0, 0),
	(355, 6, 5, 1, 0, 0),
	(356, 6, 6, 1, 0, 0),
	(357, 6, 7, 1, 0, 0),
	(358, 6, 8, 1, 0, 0),
	(359, 6, 9, 1, 0, 0),
	(360, 6, 10, 1, 0, 0),
	(361, 6, 11, 1, 0, 0),
	(362, 6, 12, 1, 0, 0),
	(363, 6, 13, 1, 0, 0),
	(364, 6, 14, 1, 0, 0),
	(365, 6, 15, 1, 0, 0),
	(366, 6, 16, 1, 0, 0),
	(367, 6, 17, 1, 0, 0),
	(368, 6, 18, 1, 0, 0),
	(369, 6, 19, 1, 0, 0),
	(370, 6, 20, 1, 0, 0),
	(371, 6, 21, 1, 0, 0),
	(372, 6, 22, 1, 0, 0),
	(373, 6, 23, 1, 0, 0),
	(374, 6, 24, 1, 0, 0),
	(375, 6, 25, 1, 0, 0),
	(376, 6, 26, 1, 0, 0),
	(377, 6, 27, 1, 0, 0),
	(378, 6, 28, 1, 0, 0),
	(379, 6, 29, 1, 0, 0),
	(380, 6, 30, 1, 0, 0),
	(381, 6, 31, 1, 0, 0),
	(382, 6, 32, 1, 0, 0),
	(383, 6, 33, 1, 0, 0),
	(384, 6, 34, 1, 0, 0),
	(385, 6, 35, 1, 0, 0),
	(386, 6, 36, 1, 0, 0),
	(387, 6, 37, 1, 0, 0),
	(388, 6, 38, 1, 0, 0),
	(389, 6, 39, 1, 0, 0),
	(390, 6, 40, 1, 0, 0),
	(391, 6, 41, 1, 0, 0),
	(392, 6, 42, 1, 0, 0),
	(393, 6, 43, 1, 0, 0),
	(394, 6, 44, 1, 0, 0),
	(395, 6, 45, 1, 0, 0),
	(396, 6, 46, 1, 0, 0),
	(397, 6, 47, 1, 0, 0),
	(398, 6, 48, 1, 0, 0),
	(399, 6, 49, 1, 0, 0),
	(400, 6, 50, 1, 0, 0),
	(401, 6, 51, 1, 0, 0),
	(402, 6, 52, 1, 0, 0),
	(403, 6, 53, 1, 0, 0),
	(404, 6, 54, 1, 0, 0),
	(405, 6, 55, 1, 0, 0),
	(406, 6, 56, 1, 0, 0),
	(407, 6, 57, 1, 0, 0),
	(408, 6, 58, 1, 0, 0),
	(409, 6, 59, 1, 0, 0),
	(410, 6, 60, 1, 0, 0),
	(411, 6, 61, 1, 0, 0),
	(412, 6, 62, 1, 0, 0),
	(413, 6, 63, 1, 0, 0),
	(414, 6, 64, 1, 0, 0),
	(415, 6, 65, 1, 0, 0),
	(416, 6, 66, 1, 0, 0),
	(417, 6, 67, 1, 0, 0),
	(418, 6, 68, 1, 0, 0),
	(419, 6, 69, 1, 0, 0),
	(420, 6, 70, 1, 0, 0),
	(421, 7, 1, 1, 0, 0),
	(422, 7, 2, 1, 0, 0),
	(423, 7, 3, 1, 0, 0),
	(424, 7, 4, 1, 0, 0),
	(425, 7, 5, 1, 0, 0),
	(426, 7, 6, 1, 0, 0),
	(427, 7, 7, 1, 0, 0),
	(428, 7, 8, 1, 0, 0),
	(429, 7, 9, 1, 0, 0),
	(430, 7, 10, 1, 0, 0),
	(431, 7, 11, 1, 0, 0),
	(432, 7, 12, 1, 0, 0),
	(433, 7, 13, 1, 0, 0),
	(434, 7, 14, 1, 0, 0),
	(435, 7, 15, 1, 0, 0),
	(436, 7, 16, 1, 0, 0),
	(437, 7, 17, 1, 0, 0),
	(438, 7, 18, 1, 0, 0),
	(439, 7, 19, 1, 0, 0),
	(440, 7, 20, 1, 0, 0),
	(441, 7, 21, 1, 0, 0),
	(442, 7, 22, 1, 0, 0),
	(443, 7, 23, 1, 0, 0),
	(444, 7, 24, 1, 0, 0),
	(445, 7, 25, 1, 0, 0),
	(446, 7, 26, 1, 0, 0),
	(447, 7, 27, 1, 0, 0),
	(448, 7, 28, 1, 0, 0),
	(449, 7, 29, 1, 0, 0),
	(450, 7, 30, 1, 0, 0),
	(451, 7, 31, 1, 0, 0),
	(452, 7, 32, 1, 0, 0),
	(453, 7, 33, 1, 0, 0),
	(454, 7, 34, 1, 0, 0),
	(455, 7, 35, 1, 0, 0),
	(456, 7, 36, 1, 0, 0),
	(457, 7, 37, 1, 0, 0),
	(458, 7, 38, 1, 0, 0),
	(459, 7, 39, 1, 0, 0),
	(460, 7, 40, 1, 0, 0),
	(461, 7, 41, 1, 0, 0),
	(462, 7, 42, 1, 0, 0),
	(463, 7, 43, 1, 0, 0),
	(464, 7, 44, 1, 0, 0),
	(465, 7, 45, 1, 0, 0),
	(466, 7, 46, 1, 0, 0),
	(467, 7, 47, 1, 0, 0),
	(468, 7, 48, 1, 0, 0),
	(469, 7, 49, 1, 0, 0),
	(470, 7, 50, 1, 0, 0),
	(471, 7, 51, 1, 0, 0),
	(472, 7, 52, 1, 0, 0),
	(473, 7, 53, 1, 0, 0),
	(474, 7, 54, 1, 0, 0),
	(475, 7, 55, 1, 0, 0),
	(476, 7, 56, 1, 0, 0),
	(477, 7, 57, 1, 0, 0),
	(478, 7, 58, 1, 0, 0),
	(479, 7, 59, 1, 0, 0),
	(480, 7, 60, 1, 0, 0),
	(481, 7, 61, 1, 0, 0),
	(482, 7, 62, 1, 0, 0),
	(483, 7, 63, 1, 0, 0),
	(484, 7, 64, 1, 0, 0),
	(485, 7, 65, 1, 0, 0),
	(486, 7, 66, 1, 0, 0),
	(487, 7, 67, 1, 0, 0),
	(488, 7, 68, 1, 0, 0),
	(489, 7, 69, 1, 0, 0),
	(490, 7, 70, 1, 0, 0),
	(491, 8, 1, 1, 0, 0),
	(492, 8, 2, 1, 0, 0),
	(493, 8, 3, 1, 0, 0),
	(494, 8, 4, 1, 0, 0),
	(495, 8, 5, 1, 0, 0),
	(496, 8, 6, 1, 0, 0),
	(497, 8, 7, 1, 0, 0),
	(498, 8, 8, 1, 0, 0),
	(499, 8, 9, 1, 0, 0),
	(500, 8, 10, 1, 0, 0),
	(501, 8, 11, 1, 0, 0),
	(502, 8, 12, 1, 0, 0),
	(503, 8, 13, 1, 0, 0),
	(504, 8, 14, 1, 0, 0),
	(505, 8, 15, 1, 0, 0),
	(506, 8, 16, 1, 0, 0),
	(507, 8, 17, 1, 0, 0),
	(508, 8, 18, 1, 0, 0),
	(509, 8, 19, 1, 0, 0),
	(510, 8, 20, 1, 0, 0),
	(511, 8, 21, 1, 0, 0),
	(512, 8, 22, 1, 0, 0),
	(513, 8, 23, 1, 0, 0),
	(514, 8, 24, 1, 0, 0),
	(515, 8, 25, 1, 0, 0),
	(516, 8, 26, 1, 0, 0),
	(517, 8, 27, 1, 0, 0),
	(518, 8, 28, 1, 0, 0),
	(519, 8, 29, 1, 0, 0),
	(520, 8, 30, 1, 0, 0),
	(521, 8, 31, 1, 0, 0),
	(522, 8, 32, 1, 0, 0),
	(523, 8, 33, 1, 0, 0),
	(524, 8, 34, 1, 0, 0),
	(525, 8, 35, 1, 0, 0),
	(526, 8, 36, 1, 0, 0),
	(527, 8, 37, 1, 0, 0),
	(528, 8, 38, 1, 0, 0),
	(529, 8, 39, 1, 0, 0),
	(530, 8, 40, 1, 0, 0),
	(531, 8, 41, 1, 0, 0),
	(532, 8, 42, 1, 0, 0),
	(533, 8, 43, 1, 0, 0),
	(534, 8, 44, 1, 0, 0),
	(535, 8, 45, 1, 0, 0),
	(536, 8, 46, 1, 0, 0),
	(537, 8, 47, 1, 0, 0),
	(538, 8, 48, 1, 0, 0),
	(539, 8, 49, 1, 0, 0),
	(540, 8, 50, 1, 0, 0),
	(541, 8, 51, 1, 0, 0),
	(542, 8, 52, 1, 0, 0),
	(543, 8, 53, 1, 0, 0),
	(544, 8, 54, 1, 0, 0),
	(545, 8, 55, 1, 0, 0),
	(546, 8, 56, 1, 0, 0),
	(547, 8, 57, 1, 0, 0),
	(548, 8, 58, 1, 0, 0),
	(549, 8, 59, 1, 0, 0),
	(550, 8, 60, 1, 0, 0),
	(551, 8, 61, 1, 0, 0),
	(552, 8, 62, 1, 0, 0),
	(553, 8, 63, 1, 0, 0),
	(554, 8, 64, 1, 0, 0),
	(555, 8, 65, 1, 0, 0),
	(556, 8, 66, 1, 0, 0),
	(557, 8, 67, 1, 0, 0),
	(558, 8, 68, 1, 0, 0),
	(559, 8, 69, 1, 0, 0),
	(560, 8, 70, 1, 0, 0),
	(561, 9, 1, 1, 0, 0),
	(562, 9, 2, 1, 0, 0),
	(563, 9, 3, 1, 0, 0),
	(564, 9, 4, 1, 0, 0),
	(565, 9, 5, 1, 0, 0),
	(566, 9, 6, 1, 0, 0),
	(567, 9, 7, 1, 0, 0),
	(568, 9, 8, 1, 0, 0),
	(569, 9, 9, 1, 0, 0),
	(570, 9, 10, 1, 0, 0),
	(571, 9, 11, 1, 0, 0),
	(572, 9, 12, 1, 0, 0),
	(573, 9, 13, 1, 0, 0),
	(574, 9, 14, 1, 0, 0),
	(575, 9, 15, 1, 0, 0),
	(576, 9, 16, 1, 0, 0),
	(577, 9, 17, 1, 0, 0),
	(578, 9, 18, 1, 0, 0),
	(579, 9, 19, 1, 0, 0),
	(580, 9, 20, 1, 0, 0),
	(581, 9, 21, 1, 0, 0),
	(582, 9, 22, 1, 0, 0),
	(583, 9, 23, 1, 0, 0),
	(584, 9, 24, 1, 0, 0),
	(585, 9, 25, 1, 0, 0),
	(586, 9, 26, 1, 0, 0),
	(587, 9, 27, 1, 0, 0),
	(588, 9, 28, 1, 0, 0),
	(589, 9, 29, 1, 0, 0),
	(590, 9, 30, 1, 0, 0),
	(591, 9, 31, 1, 0, 0),
	(592, 9, 32, 1, 0, 0),
	(593, 9, 33, 1, 0, 0),
	(594, 9, 34, 1, 0, 0),
	(595, 9, 35, 1, 0, 0),
	(596, 9, 36, 1, 0, 0),
	(597, 9, 37, 1, 0, 0),
	(598, 9, 38, 1, 0, 0),
	(599, 9, 39, 1, 0, 0),
	(600, 9, 40, 1, 0, 0),
	(601, 9, 41, 1, 0, 0),
	(602, 9, 42, 1, 0, 0),
	(603, 9, 43, 1, 0, 0),
	(604, 9, 44, 1, 0, 0),
	(605, 9, 45, 1, 0, 0),
	(606, 9, 46, 1, 0, 0),
	(607, 9, 47, 1, 0, 0),
	(608, 9, 48, 1, 0, 0),
	(609, 9, 49, 1, 0, 0),
	(610, 9, 50, 1, 0, 0),
	(611, 9, 51, 1, 0, 0),
	(612, 9, 52, 1, 0, 0),
	(613, 9, 53, 1, 0, 0),
	(614, 9, 54, 1, 0, 0),
	(615, 9, 55, 1, 0, 0),
	(616, 9, 56, 1, 0, 0),
	(617, 9, 57, 1, 0, 0),
	(618, 9, 58, 1, 0, 0),
	(619, 9, 59, 1, 0, 0),
	(620, 9, 60, 1, 0, 0),
	(621, 9, 61, 1, 0, 0),
	(622, 9, 62, 1, 0, 0),
	(623, 9, 63, 1, 0, 0),
	(624, 9, 64, 1, 0, 0),
	(625, 9, 65, 1, 0, 0),
	(626, 9, 66, 1, 0, 0),
	(627, 9, 67, 1, 0, 0),
	(628, 9, 68, 1, 0, 0),
	(629, 9, 69, 1, 0, 0),
	(630, 9, 70, 1, 0, 0),
	(631, 10, 1, 1, 0, 0),
	(632, 10, 2, 1, 0, 0),
	(633, 10, 3, 1, 0, 0),
	(634, 10, 4, 1, 0, 0),
	(635, 10, 5, 1, 0, 0),
	(636, 10, 6, 1, 0, 0),
	(637, 10, 7, 1, 0, 0),
	(638, 10, 8, 1, 0, 0),
	(639, 10, 9, 1, 0, 0),
	(640, 10, 10, 1, 0, 0),
	(641, 10, 11, 1, 0, 0),
	(642, 10, 12, 1, 0, 0),
	(643, 10, 13, 1, 0, 0),
	(644, 10, 14, 1, 0, 0),
	(645, 10, 15, 1, 0, 0),
	(646, 10, 16, 1, 0, 0),
	(647, 10, 17, 1, 0, 0),
	(648, 10, 18, 1, 0, 0),
	(649, 10, 19, 1, 0, 0),
	(650, 10, 20, 1, 0, 0),
	(651, 10, 21, 1, 0, 0),
	(652, 10, 22, 1, 0, 0),
	(653, 10, 23, 1, 0, 0),
	(654, 10, 24, 1, 0, 0),
	(655, 10, 25, 1, 0, 0),
	(656, 10, 26, 1, 0, 0),
	(657, 10, 27, 1, 0, 0),
	(658, 10, 28, 1, 0, 0),
	(659, 10, 29, 1, 0, 0),
	(660, 10, 30, 1, 0, 0),
	(661, 10, 31, 1, 0, 0),
	(662, 10, 32, 1, 0, 0),
	(663, 10, 33, 1, 0, 0),
	(664, 10, 34, 1, 0, 0),
	(665, 10, 35, 1, 0, 0),
	(666, 10, 36, 1, 0, 0),
	(667, 10, 37, 1, 0, 0),
	(668, 10, 38, 1, 0, 0),
	(669, 10, 39, 1, 0, 0),
	(670, 10, 40, 1, 0, 0),
	(671, 10, 41, 1, 0, 0),
	(672, 10, 42, 1, 0, 0),
	(673, 10, 43, 1, 0, 0),
	(674, 10, 44, 1, 0, 0),
	(675, 10, 45, 1, 0, 0),
	(676, 10, 46, 1, 0, 0),
	(677, 10, 47, 1, 0, 0),
	(678, 10, 48, 1, 0, 0),
	(679, 10, 49, 1, 0, 0),
	(680, 10, 50, 1, 0, 0),
	(681, 10, 51, 1, 0, 0),
	(682, 10, 52, 1, 0, 0),
	(683, 10, 53, 1, 0, 0),
	(684, 10, 54, 1, 0, 0),
	(685, 10, 55, 1, 0, 0),
	(686, 10, 56, 1, 0, 0),
	(687, 10, 57, 1, 0, 0),
	(688, 10, 58, 1, 0, 0),
	(689, 10, 59, 1, 0, 0),
	(690, 10, 60, 1, 0, 0),
	(691, 10, 61, 1, 0, 0),
	(692, 10, 62, 1, 0, 0),
	(693, 10, 63, 1, 0, 0),
	(694, 10, 64, 1, 0, 0),
	(695, 10, 65, 1, 0, 0),
	(696, 10, 66, 1, 0, 0),
	(697, 10, 67, 1, 0, 0),
	(698, 10, 68, 1, 0, 0),
	(699, 10, 69, 1, 0, 0),
	(700, 10, 70, 1, 0, 0),
	(701, 11, 1, 1, 0, 0),
	(702, 11, 2, 1, 0, 0),
	(703, 11, 3, 1, 0, 0),
	(704, 11, 4, 1, 0, 0),
	(705, 11, 5, 1, 0, 0),
	(706, 11, 6, 1, 0, 0),
	(707, 11, 7, 1, 0, 0),
	(708, 11, 8, 1, 0, 0),
	(709, 11, 9, 1, 0, 0),
	(710, 11, 10, 1, 0, 0),
	(711, 11, 11, 1, 0, 0),
	(712, 11, 12, 1, 0, 0),
	(713, 11, 13, 1, 0, 0),
	(714, 11, 14, 1, 0, 0),
	(715, 11, 15, 1, 0, 0),
	(716, 11, 16, 1, 0, 0),
	(717, 11, 17, 1, 0, 0),
	(718, 11, 18, 1, 0, 0),
	(719, 11, 19, 1, 0, 0),
	(720, 11, 20, 1, 0, 0),
	(721, 11, 21, 1, 0, 0),
	(722, 11, 22, 1, 0, 0),
	(723, 11, 23, 1, 0, 0),
	(724, 11, 24, 1, 0, 0),
	(725, 11, 25, 1, 0, 0),
	(726, 11, 26, 1, 0, 0),
	(727, 11, 27, 1, 0, 0),
	(728, 11, 28, 1, 0, 0),
	(729, 11, 29, 1, 0, 0),
	(730, 11, 30, 1, 0, 0),
	(731, 11, 31, 1, 0, 0),
	(732, 11, 32, 1, 0, 0),
	(733, 11, 33, 1, 0, 0),
	(734, 11, 34, 1, 0, 0),
	(735, 11, 35, 1, 0, 0),
	(736, 11, 36, 1, 0, 0),
	(737, 11, 37, 1, 0, 0),
	(738, 11, 38, 1, 0, 0),
	(739, 11, 39, 1, 0, 0),
	(740, 11, 40, 1, 0, 0),
	(741, 11, 41, 1, 0, 0),
	(742, 11, 42, 1, 0, 0),
	(743, 11, 43, 1, 0, 0),
	(744, 11, 44, 1, 0, 0),
	(745, 11, 45, 1, 0, 0),
	(746, 11, 46, 1, 0, 0),
	(747, 11, 47, 1, 0, 0),
	(748, 11, 48, 1, 0, 0),
	(749, 11, 49, 1, 0, 0),
	(750, 11, 50, 1, 0, 0),
	(751, 11, 51, 1, 0, 0),
	(752, 11, 52, 1, 0, 0),
	(753, 11, 53, 1, 0, 0),
	(754, 11, 54, 1, 0, 0),
	(755, 11, 55, 1, 0, 0),
	(756, 11, 56, 1, 0, 0),
	(757, 11, 57, 1, 0, 0),
	(758, 11, 58, 1, 0, 0),
	(759, 11, 59, 1, 0, 0),
	(760, 11, 60, 1, 0, 0),
	(761, 11, 61, 1, 0, 0),
	(762, 11, 62, 1, 0, 0),
	(763, 11, 63, 1, 0, 0),
	(764, 11, 64, 1, 0, 0),
	(765, 11, 65, 1, 0, 0),
	(766, 11, 66, 1, 0, 0),
	(767, 11, 67, 1, 0, 0),
	(768, 11, 68, 1, 0, 0),
	(769, 11, 69, 1, 0, 0),
	(770, 11, 70, 1, 0, 0),
	(771, 12, 1, 1, 0, 0),
	(772, 12, 2, 1, 0, 0),
	(773, 12, 3, 1, 0, 0),
	(774, 12, 4, 1, 0, 0),
	(775, 12, 5, 1, 0, 0),
	(776, 12, 6, 1, 0, 0),
	(777, 12, 7, 1, 0, 0),
	(778, 12, 8, 1, 0, 0),
	(779, 12, 9, 1, 0, 0),
	(780, 12, 10, 1, 0, 0),
	(781, 12, 11, 1, 0, 0),
	(782, 12, 12, 1, 0, 0),
	(783, 12, 13, 1, 0, 0),
	(784, 12, 14, 1, 0, 0),
	(785, 12, 15, 1, 0, 0),
	(786, 12, 16, 1, 0, 0),
	(787, 12, 17, 1, 0, 0),
	(788, 12, 18, 1, 0, 0),
	(789, 12, 19, 1, 0, 0),
	(790, 12, 20, 1, 0, 0),
	(791, 12, 21, 1, 0, 0),
	(792, 12, 22, 1, 0, 0),
	(793, 12, 23, 1, 0, 0),
	(794, 12, 24, 1, 0, 0),
	(795, 12, 25, 1, 0, 0),
	(796, 12, 26, 1, 0, 0),
	(797, 12, 27, 1, 0, 0),
	(798, 12, 28, 1, 0, 0),
	(799, 12, 29, 1, 0, 0),
	(800, 12, 30, 1, 0, 0),
	(801, 12, 31, 1, 0, 0),
	(802, 12, 32, 1, 0, 0),
	(803, 12, 33, 1, 0, 0),
	(804, 12, 34, 1, 0, 0),
	(805, 12, 35, 1, 0, 0),
	(806, 12, 36, 1, 0, 0),
	(807, 12, 37, 1, 0, 0),
	(808, 12, 38, 1, 0, 0),
	(809, 12, 39, 1, 0, 0),
	(810, 12, 40, 1, 0, 0),
	(811, 12, 41, 1, 0, 0),
	(812, 12, 42, 1, 0, 0),
	(813, 12, 43, 1, 0, 0),
	(814, 12, 44, 1, 0, 0),
	(815, 12, 45, 1, 0, 0),
	(816, 12, 46, 1, 0, 0),
	(817, 12, 47, 1, 0, 0),
	(818, 12, 48, 1, 0, 0),
	(819, 12, 49, 1, 0, 0),
	(820, 12, 50, 1, 0, 0),
	(821, 12, 51, 1, 0, 0),
	(822, 12, 52, 1, 0, 0),
	(823, 12, 53, 1, 0, 0),
	(824, 12, 54, 1, 0, 0),
	(825, 12, 55, 1, 0, 0),
	(826, 12, 56, 1, 0, 0),
	(827, 12, 57, 1, 0, 0),
	(828, 12, 58, 1, 0, 0),
	(829, 12, 59, 1, 0, 0),
	(830, 12, 60, 1, 0, 0),
	(831, 12, 61, 1, 0, 0),
	(832, 12, 62, 1, 0, 0),
	(833, 12, 63, 1, 0, 0),
	(834, 12, 64, 1, 0, 0),
	(835, 12, 65, 1, 0, 0),
	(836, 12, 66, 1, 0, 0),
	(837, 12, 67, 1, 0, 0),
	(838, 12, 68, 1, 0, 0),
	(839, 12, 69, 1, 0, 0),
	(840, 12, 70, 1, 0, 0);


INSERT INTO `configuration` (`id`, `name`, `value`) VALUES
	(1, 'error_color', 'A94442'),
	(2, 'patient_prefix', 'PFN'),
	(3, 'visit_prefix', 'VST'),
	(4, 'drug_prefix', 'MED'),
	(5, 'account_prefix', 'FAN'),
	(6, 'amount_prefix', '$'),
	(7, 'ipd_prefix', 'IPD'),
	(8, 'theme_color', 'E3E3E3'),
	(9, 'staff_prefix', 'HOS'),
	(10, 'invoice_prefix', 'INV');
